use hr;

INSERT INTO occupation (
    id, job_group_code, job_group_name,
    job_type_code, job_type_name,
    job_role_code, job_role_name
) VALUES
    (1, 1, '기획·전략', 1, '경영·비즈니스기획', 1, '사업기획');
INSERT INTO occupation (
    id, job_group_code, job_group_name,
    job_type_code, job_type_name,
    job_role_code, job_role_name
) VALUES
    (2, 1, '기획·전략', 1, '경영·비즈니스기획', 2, '전략기획');
INSERT INTO occupation (
    id, job_group_code, job_group_name,
    job_type_code, job_type_name,
    job_role_code, job_role_name
) VALUES
    (3, 1, '기획·전략', 1, '경영·비즈니스기획', 3, '경영기획');
INSERT INTO occupation (
    id, job_group_code, job_group_name,
    job_type_code, job_type_name,
    job_role_code, job_role_name
) VALUES
    (4, 1, '기획·전략', 1, '경영·비즈니스기획', 4, '신사업기획');
INSERT INTO occupation (
    id, job_group_code, job_group_name,
    job_type_code, job_type_name,
    job_role_code, job_role_name
) VALUES
    (5, 1, '기획·전략', 1, '경영·비즈니스기획', 5, '데이터분석');
INSERT INTO occupation (
    id, job_group_code, job_group_name,
    job_type_code, job_type_name,
    job_role_code, job_role_name
) VALUES
    (6, 1, '기획·전략', 1, '경영·비즈니스기획', 6, '브랜드기획');
INSERT INTO occupation (
    id, job_group_code, job_group_name,
    job_type_code, job_type_name,
    job_role_code, job_role_name
) VALUES
    (7, 1, '기획·전략', 1, '경영·비즈니스기획', 7, '연구기획');
INSERT INTO occupation (
    id, job_group_code, job_group_name,
    job_type_code, job_type_name,
    job_role_code, job_role_name
) VALUES
    (8, 1, '기획·전략', 1, '경영·비즈니스기획', 8, '재무기획');
INSERT INTO occupation (
    id, job_group_code, job_group_name,
    job_type_code, job_type_name,
    job_role_code, job_role_name
) VALUES
    (9, 1, '기획·전략', 1, '경영·비즈니스기획', 9, '문화기획');
INSERT INTO occupation (
    id, job_group_code, job_group_name,
    job_type_code, job_type_name,
    job_role_code, job_role_name
) VALUES
    (10, 1, '기획·전략', 2, '웹기획', 10, '서비스기획');
INSERT INTO occupation (
    id, job_group_code, job_group_name,
    job_type_code, job_type_name,
    job_role_code, job_role_name
) VALUES
    (11, 1, '기획·전략', 2, '웹기획', 11, 'UI·UX기획');
INSERT INTO occupation (
    id, job_group_code, job_group_name,
    job_type_code, job_type_name,
    job_role_code, job_role_name
) VALUES
    (12, 1, '기획·전략', 2, '웹기획', 12, '콘텐츠기획');
INSERT INTO occupation (
    id, job_group_code, job_group_name,
    job_type_code, job_type_name,
    job_role_code, job_role_name
) VALUES
    (13, 1, '기획·전략', 2, '웹기획', 13, '앱기획');
INSERT INTO occupation (
    id, job_group_code, job_group_name,
    job_type_code, job_type_name,
    job_role_code, job_role_name
) VALUES
    (14, 1, '기획·전략', 2, '웹기획', 14, '데이터분석');
INSERT INTO occupation (
    id, job_group_code, job_group_name,
    job_type_code, job_type_name,
    job_role_code, job_role_name
) VALUES
    (15, 1, '기획·전략', 2, '웹기획', 15, '스토리보드');
INSERT INTO occupation (
    id, job_group_code, job_group_name,
    job_type_code, job_type_name,
    job_role_code, job_role_name
) VALUES
    (16, 1, '기획·전략', 2, '웹기획', 16, '제안·컨설팅');
INSERT INTO occupation (
    id, job_group_code, job_group_name,
    job_type_code, job_type_name,
    job_role_code, job_role_name
) VALUES
    (17, 1, '기획·전략', 2, '웹기획', 17, '게임기획');
INSERT INTO occupation (
    id, job_group_code, job_group_name,
    job_type_code, job_type_name,
    job_role_code, job_role_name
) VALUES
    (18, 1, '기획·전략', 3, '마케팅기획', 18, '전략기획');
INSERT INTO occupation (
    id, job_group_code, job_group_name,
    job_type_code, job_type_name,
    job_role_code, job_role_name
) VALUES
    (19, 1, '기획·전략', 3, '마케팅기획', 19, '시장분석');
INSERT INTO occupation (
    id, job_group_code, job_group_name,
    job_type_code, job_type_name,
    job_role_code, job_role_name
) VALUES
    (20, 1, '기획·전략', 3, '마케팅기획', 20, '시장조사');
INSERT INTO occupation (
    id, job_group_code, job_group_name,
    job_type_code, job_type_name,
    job_role_code, job_role_name
) VALUES
    (21, 1, '기획·전략', 3, '마케팅기획', 21, '브랜드기획');
INSERT INTO occupation (
    id, job_group_code, job_group_name,
    job_type_code, job_type_name,
    job_role_code, job_role_name
) VALUES
    (22, 1, '기획·전략', 3, '마케팅기획', 22, '데이터분석');
INSERT INTO occupation (
    id, job_group_code, job_group_name,
    job_type_code, job_type_name,
    job_role_code, job_role_name
) VALUES
    (23, 1, '기획·전략', 3, '마케팅기획', 23, '콘텐츠기획');
INSERT INTO occupation (
    id, job_group_code, job_group_name,
    job_type_code, job_type_name,
    job_role_code, job_role_name
) VALUES
    (24, 1, '기획·전략', 4, 'PL·PM·PO', 24, 'PM');
INSERT INTO occupation (
    id, job_group_code, job_group_name,
    job_type_code, job_type_name,
    job_role_code, job_role_name
) VALUES
    (25, 1, '기획·전략', 4, 'PL·PM·PO', 25, 'PL');
INSERT INTO occupation (
    id, job_group_code, job_group_name,
    job_type_code, job_type_name,
    job_role_code, job_role_name
) VALUES
    (26, 1, '기획·전략', 4, 'PL·PM·PO', 26, 'PO');
INSERT INTO occupation (
    id, job_group_code, job_group_name,
    job_type_code, job_type_name,
    job_role_code, job_role_name
) VALUES
    (27, 1, '기획·전략', 5, '컨설턴트', 27, '경영컨설팅');
INSERT INTO occupation (
    id, job_group_code, job_group_name,
    job_type_code, job_type_name,
    job_role_code, job_role_name
) VALUES
    (28, 1, '기획·전략', 5, '컨설턴트', 28, '경영기획');
INSERT INTO occupation (
    id, job_group_code, job_group_name,
    job_type_code, job_type_name,
    job_role_code, job_role_name
) VALUES
    (29, 1, '기획·전략', 5, '컨설턴트', 29, '금융컨설팅');
INSERT INTO occupation (
    id, job_group_code, job_group_name,
    job_type_code, job_type_name,
    job_role_code, job_role_name
) VALUES
    (30, 1, '기획·전략', 5, '컨설턴트', 30, 'M&A');
INSERT INTO occupation (
    id, job_group_code, job_group_name,
    job_type_code, job_type_name,
    job_role_code, job_role_name
) VALUES
    (31, 1, '기획·전략', 5, '컨설턴트', 31, '창업컨설팅');
INSERT INTO occupation (
    id, job_group_code, job_group_name,
    job_type_code, job_type_name,
    job_role_code, job_role_name
) VALUES
    (32, 1, '기획·전략', 5, '컨설턴트', 32, 'HR컨설팅');
INSERT INTO occupation (
    id, job_group_code, job_group_name,
    job_type_code, job_type_name,
    job_role_code, job_role_name
) VALUES
    (33, 1, '기획·전략', 5, '컨설턴트', 33, '웹컨설팅');
INSERT INTO occupation (
    id, job_group_code, job_group_name,
    job_type_code, job_type_name,
    job_role_code, job_role_name
) VALUES
    (34, 1, '기획·전략', 5, '컨설턴트', 34, '이미지컨설팅');
INSERT INTO occupation (
    id, job_group_code, job_group_name,
    job_type_code, job_type_name,
    job_role_code, job_role_name
) VALUES
    (35, 1, '기획·전략', 5, '컨설턴트', 35, 'IPO');
INSERT INTO occupation (
    id, job_group_code, job_group_name,
    job_type_code, job_type_name,
    job_role_code, job_role_name
) VALUES
    (36, 1, '기획·전략', 6, 'CEO·COO·CTO', 36, 'COO');
INSERT INTO occupation (
    id, job_group_code, job_group_name,
    job_type_code, job_type_name,
    job_role_code, job_role_name
) VALUES
    (37, 1, '기획·전략', 6, 'CEO·COO·CTO', 37, 'CTO');
INSERT INTO occupation (
    id, job_group_code, job_group_name,
    job_type_code, job_type_name,
    job_role_code, job_role_name
) VALUES
    (38, 1, '기획·전략', 6, 'CEO·COO·CTO', 38, 'CEO');
INSERT INTO occupation (
    id, job_group_code, job_group_name,
    job_type_code, job_type_name,
    job_role_code, job_role_name
) VALUES
    (39, 1, '기획·전략', 6, 'CEO·COO·CTO', 39, 'CMO');
INSERT INTO occupation (
    id, job_group_code, job_group_name,
    job_type_code, job_type_name,
    job_role_code, job_role_name
) VALUES
    (40, 1, '기획·전략', 6, 'CEO·COO·CTO', 40, 'CFO');
INSERT INTO occupation (
    id, job_group_code, job_group_name,
    job_type_code, job_type_name,
    job_role_code, job_role_name
) VALUES
    (41, 2, '법무·사무·총무', 9, '경영지원', 41, '문서작성');
INSERT INTO occupation (
    id, job_group_code, job_group_name,
    job_type_code, job_type_name,
    job_role_code, job_role_name
) VALUES
    (42, 2, '법무·사무·총무', 9, '경영지원', 42, '경영기획');
INSERT INTO occupation (
    id, job_group_code, job_group_name,
    job_type_code, job_type_name,
    job_role_code, job_role_name
) VALUES
    (43, 2, '법무·사무·총무', 9, '경영지원', 43, '자료조사');
INSERT INTO occupation (
    id, job_group_code, job_group_name,
    job_type_code, job_type_name,
    job_role_code, job_role_name
) VALUES
    (44, 2, '법무·사무·총무', 9, '경영지원', 44, '통계·분석');
INSERT INTO occupation (
    id, job_group_code, job_group_name,
    job_type_code, job_type_name,
    job_role_code, job_role_name
) VALUES
    (45, 2, '법무·사무·총무', 10, '사무담당자', 45, '문서관리');
INSERT INTO occupation (
    id, job_group_code, job_group_name,
    job_type_code, job_type_name,
    job_role_code, job_role_name
) VALUES
    (46, 2, '법무·사무·총무', 10, '사무담당자', 46, '문서작성');
INSERT INTO occupation (
    id, job_group_code, job_group_name,
    job_type_code, job_type_name,
    job_role_code, job_role_name
) VALUES
    (47, 2, '법무·사무·총무', 10, '사무담당자', 47, '전산입력');
INSERT INTO occupation (
    id, job_group_code, job_group_name,
    job_type_code, job_type_name,
    job_role_code, job_role_name
) VALUES
    (48, 2, '법무·사무·총무', 10, '사무담당자', 48, '행정');
INSERT INTO occupation (
    id, job_group_code, job_group_name,
    job_type_code, job_type_name,
    job_role_code, job_role_name
) VALUES
    (49, 2, '법무·사무·총무', 10, '사무담당자', 49, '서무');
INSERT INTO occupation (
    id, job_group_code, job_group_name,
    job_type_code, job_type_name,
    job_role_code, job_role_name
) VALUES
    (50, 2, '법무·사무·총무', 10, '사무담당자', 50, '사이트관리');
INSERT INTO occupation (
    id, job_group_code, job_group_name,
    job_type_code, job_type_name,
    job_role_code, job_role_name
) VALUES
    (51, 2, '법무·사무·총무', 10, '사무담당자', 51, '자료조사');
INSERT INTO occupation (
    id, job_group_code, job_group_name,
    job_type_code, job_type_name,
    job_role_code, job_role_name
) VALUES
    (52, 2, '법무·사무·총무', 10, '사무담당자', 52, '송무담당');
INSERT INTO occupation (
    id, job_group_code, job_group_name,
    job_type_code, job_type_name,
    job_role_code, job_role_name
) VALUES
    (53, 2, '법무·사무·총무', 11, '총무', 53, '문서관리');
INSERT INTO occupation (
    id, job_group_code, job_group_name,
    job_type_code, job_type_name,
    job_role_code, job_role_name
) VALUES
    (54, 2, '법무·사무·총무', 11, '총무', 54, '비품관리');
INSERT INTO occupation (
    id, job_group_code, job_group_name,
    job_type_code, job_type_name,
    job_role_code, job_role_name
) VALUES
    (55, 2, '법무·사무·총무', 11, '총무', 55, '행정');
INSERT INTO occupation (
    id, job_group_code, job_group_name,
    job_type_code, job_type_name,
    job_role_code, job_role_name
) VALUES
    (56, 2, '법무·사무·총무', 11, '총무', 56, '자산관리');
INSERT INTO occupation (
    id, job_group_code, job_group_name,
    job_type_code, job_type_name,
    job_role_code, job_role_name
) VALUES
    (57, 2, '법무·사무·총무', 11, '총무', 57, '서무');
INSERT INTO occupation (
    id, job_group_code, job_group_name,
    job_type_code, job_type_name,
    job_role_code, job_role_name
) VALUES
    (58, 2, '법무·사무·총무', 11, '총무', 58, '복리후생');
INSERT INTO occupation (
    id, job_group_code, job_group_name,
    job_type_code, job_type_name,
    job_role_code, job_role_name
) VALUES
    (59, 2, '법무·사무·총무', 12, '사무보조', 59, '문서작성');
INSERT INTO occupation (
    id, job_group_code, job_group_name,
    job_type_code, job_type_name,
    job_role_code, job_role_name
) VALUES
    (60, 2, '법무·사무·총무', 12, '사무보조', 60, '문서관리');
INSERT INTO occupation (
    id, job_group_code, job_group_name,
    job_type_code, job_type_name,
    job_role_code, job_role_name
) VALUES
    (61, 2, '법무·사무·총무', 12, '사무보조', 61, '전산입력');
INSERT INTO occupation (
    id, job_group_code, job_group_name,
    job_type_code, job_type_name,
    job_role_code, job_role_name
) VALUES
    (62, 2, '법무·사무·총무', 12, '사무보조', 62, '사이트관리');
INSERT INTO occupation (
    id, job_group_code, job_group_name,
    job_type_code, job_type_name,
    job_role_code, job_role_name
) VALUES
    (63, 2, '법무·사무·총무', 12, '사무보조', 63, '자산관리');
INSERT INTO occupation (
    id, job_group_code, job_group_name,
    job_type_code, job_type_name,
    job_role_code, job_role_name
) VALUES
    (64, 2, '법무·사무·총무', 12, '사무보조', 64, '더존');
INSERT INTO occupation (
    id, job_group_code, job_group_name,
    job_type_code, job_type_name,
    job_role_code, job_role_name
) VALUES
    (65, 2, '법무·사무·총무', 13, '법무담당자', 65, '소송·민사·등기');
INSERT INTO occupation (
    id, job_group_code, job_group_name,
    job_type_code, job_type_name,
    job_role_code, job_role_name
) VALUES
    (66, 2, '법무·사무·총무', 13, '법무담당자', 66, '컴플라이언스');
INSERT INTO occupation (
    id, job_group_code, job_group_name,
    job_type_code, job_type_name,
    job_role_code, job_role_name
) VALUES
    (67, 2, '법무·사무·총무', 13, '법무담당자', 67, '문서작성');
INSERT INTO occupation (
    id, job_group_code, job_group_name,
    job_type_code, job_type_name,
    job_role_code, job_role_name
) VALUES
    (68, 2, '법무·사무·총무', 13, '법무담당자', 68, '사내변호사');
INSERT INTO occupation (
    id, job_group_code, job_group_name,
    job_type_code, job_type_name,
    job_role_code, job_role_name
) VALUES
    (69, 2, '법무·사무·총무', 13, '법무담당자', 69, '지적재산권');
INSERT INTO occupation (
    id, job_group_code, job_group_name,
    job_type_code, job_type_name,
    job_role_code, job_role_name
) VALUES
    (70, 2, '법무·사무·총무', 13, '법무담당자', 70, '특허담당');
INSERT INTO occupation (
    id, job_group_code, job_group_name,
    job_type_code, job_type_name,
    job_role_code, job_role_name
) VALUES
    (71, 2, '법무·사무·총무', 13, '법무담당자', 71, '저작권');
INSERT INTO occupation (
    id, job_group_code, job_group_name,
    job_type_code, job_type_name,
    job_role_code, job_role_name
) VALUES
    (72, 2, '법무·사무·총무', 13, '법무담당자', 72, '공증');
INSERT INTO occupation (
    id, job_group_code, job_group_name,
    job_type_code, job_type_name,
    job_role_code, job_role_name
) VALUES
    (73, 2, '법무·사무·총무', 14, '비서', 73, '임원비서');
INSERT INTO occupation (
    id, job_group_code, job_group_name,
    job_type_code, job_type_name,
    job_role_code, job_role_name
) VALUES
    (74, 2, '법무·사무·총무', 14, '비서', 74, '수행비서');
INSERT INTO occupation (
    id, job_group_code, job_group_name,
    job_type_code, job_type_name,
    job_role_code, job_role_name
) VALUES
    (75, 2, '법무·사무·총무', 14, '비서', 75, '송무비서');
INSERT INTO occupation (
    id, job_group_code, job_group_name,
    job_type_code, job_type_name,
    job_role_code, job_role_name
) VALUES
    (76, 2, '법무·사무·총무', 15, '변호사', 76, '사내변호사');
INSERT INTO occupation (
    id, job_group_code, job_group_name,
    job_type_code, job_type_name,
    job_role_code, job_role_name
) VALUES
    (77, 2, '법무·사무·총무', 15, '변호사', 77, '컴플라이언스');
INSERT INTO occupation (
    id, job_group_code, job_group_name,
    job_type_code, job_type_name,
    job_role_code, job_role_name
) VALUES
    (78, 2, '법무·사무·총무', 15, '변호사', 78, '소송·민사·등기');
INSERT INTO occupation (
    id, job_group_code, job_group_name,
    job_type_code, job_type_name,
    job_role_code, job_role_name
) VALUES
    (79, 2, '법무·사무·총무', 15, '변호사', 79, '지적재산권');
INSERT INTO occupation (
    id, job_group_code, job_group_name,
    job_type_code, job_type_name,
    job_role_code, job_role_name
) VALUES
    (80, 2, '법무·사무·총무', 15, '변호사', 80, '송무담당');
INSERT INTO occupation (
    id, job_group_code, job_group_name,
    job_type_code, job_type_name,
    job_role_code, job_role_name
) VALUES
    (81, 2, '법무·사무·총무', 15, '변호사', 81, '저작권');
INSERT INTO occupation (
    id, job_group_code, job_group_name,
    job_type_code, job_type_name,
    job_role_code, job_role_name
) VALUES
    (82, 2, '법무·사무·총무', 15, '변호사', 82, '상표담당');
INSERT INTO occupation (
    id, job_group_code, job_group_name,
    job_type_code, job_type_name,
    job_role_code, job_role_name
) VALUES
    (83, 2, '법무·사무·총무', 15, '변호사', 83, '특허담당');
INSERT INTO occupation (
    id, job_group_code, job_group_name,
    job_type_code, job_type_name,
    job_role_code, job_role_name
) VALUES
    (84, 2, '법무·사무·총무', 15, '변호사', 84, '공증');
INSERT INTO occupation (
    id, job_group_code, job_group_name,
    job_type_code, job_type_name,
    job_role_code, job_role_name
) VALUES
    (85, 2, '법무·사무·총무', 16, '법무사', 85, '송무담당');
INSERT INTO occupation (
    id, job_group_code, job_group_name,
    job_type_code, job_type_name,
    job_role_code, job_role_name
) VALUES
    (86, 2, '법무·사무·총무', 16, '법무사', 86, '지적재산권');
INSERT INTO occupation (
    id, job_group_code, job_group_name,
    job_type_code, job_type_name,
    job_role_code, job_role_name
) VALUES
    (87, 2, '법무·사무·총무', 16, '법무사', 87, '저작권');
INSERT INTO occupation (
    id, job_group_code, job_group_name,
    job_type_code, job_type_name,
    job_role_code, job_role_name
) VALUES
    (88, 2, '법무·사무·총무', 16, '법무사', 88, '특허담당');
INSERT INTO occupation (
    id, job_group_code, job_group_name,
    job_type_code, job_type_name,
    job_role_code, job_role_name
) VALUES
    (89, 2, '법무·사무·총무', 16, '법무사', 89, '상표담당');
INSERT INTO occupation (
    id, job_group_code, job_group_name,
    job_type_code, job_type_name,
    job_role_code, job_role_name
) VALUES
    (90, 2, '법무·사무·총무', 16, '법무사', 90, '공증');
INSERT INTO occupation (
    id, job_group_code, job_group_name,
    job_type_code, job_type_name,
    job_role_code, job_role_name
) VALUES
    (91, 2, '법무·사무·총무', 17, '변리사', 91, '특허담당');
INSERT INTO occupation (
    id, job_group_code, job_group_name,
    job_type_code, job_type_name,
    job_role_code, job_role_name
) VALUES
    (92, 2, '법무·사무·총무', 17, '변리사', 92, '지적재산권');
INSERT INTO occupation (
    id, job_group_code, job_group_name,
    job_type_code, job_type_name,
    job_role_code, job_role_name
) VALUES
    (93, 2, '법무·사무·총무', 17, '변리사', 93, '출원');
INSERT INTO occupation (
    id, job_group_code, job_group_name,
    job_type_code, job_type_name,
    job_role_code, job_role_name
) VALUES
    (94, 2, '법무·사무·총무', 17, '변리사', 94, '상표담당');
INSERT INTO occupation (
    id, job_group_code, job_group_name,
    job_type_code, job_type_name,
    job_role_code, job_role_name
) VALUES
    (95, 2, '법무·사무·총무', 17, '변리사', 95, '저작권');
INSERT INTO occupation (
    id, job_group_code, job_group_name,
    job_type_code, job_type_name,
    job_role_code, job_role_name
) VALUES
    (96, 2, '법무·사무·총무', 18, '노무사', 96, '4대보험');
INSERT INTO occupation (
    id, job_group_code, job_group_name,
    job_type_code, job_type_name,
    job_role_code, job_role_name
) VALUES
    (97, 2, '법무·사무·총무', 18, '노무사', 97, '급여관리');
INSERT INTO occupation (
    id, job_group_code, job_group_name,
    job_type_code, job_type_name,
    job_role_code, job_role_name
) VALUES
    (98, 2, '법무·사무·총무', 18, '노무사', 98, '노사관리');
INSERT INTO occupation (
    id, job_group_code, job_group_name,
    job_type_code, job_type_name,
    job_role_code, job_role_name
) VALUES
    (99, 3, '인사·HR', 20, '인사담당자', 99, '인사행정');
INSERT INTO occupation (
    id, job_group_code, job_group_name,
    job_type_code, job_type_name,
    job_role_code, job_role_name
) VALUES
    (100, 3, '인사·HR', 20, '인사담당자', 100, '인사기획');
INSERT INTO occupation (
    id, job_group_code, job_group_name,
    job_type_code, job_type_name,
    job_role_code, job_role_name
) VALUES
    (101, 3, '인사·HR', 20, '인사담당자', 101, '인사교육');
INSERT INTO occupation (
    id, job_group_code, job_group_name,
    job_type_code, job_type_name,
    job_role_code, job_role_name
) VALUES
    (102, 3, '인사·HR', 21, 'HRD·HRM', 102, '면접·채용');
INSERT INTO occupation (
    id, job_group_code, job_group_name,
    job_type_code, job_type_name,
    job_role_code, job_role_name
) VALUES
    (103, 3, '인사·HR', 21, 'HRD·HRM', 103, '평가·보상');
INSERT INTO occupation (
    id, job_group_code, job_group_name,
    job_type_code, job_type_name,
    job_role_code, job_role_name
) VALUES
    (104, 3, '인사·HR', 21, 'HRD·HRM', 104, '급여관리');
INSERT INTO occupation (
    id, job_group_code, job_group_name,
    job_type_code, job_type_name,
    job_role_code, job_role_name
) VALUES
    (105, 3, '인사·HR', 21, 'HRD·HRM', 105, '교육기획');
INSERT INTO occupation (
    id, job_group_code, job_group_name,
    job_type_code, job_type_name,
    job_role_code, job_role_name
) VALUES
    (106, 3, '인사·HR', 21, 'HRD·HRM', 106, '조직문화');
INSERT INTO occupation (
    id, job_group_code, job_group_name,
    job_type_code, job_type_name,
    job_role_code, job_role_name
) VALUES
    (107, 3, '인사·HR', 21, 'HRD·HRM', 107, '복리후생');
INSERT INTO occupation (
    id, job_group_code, job_group_name,
    job_type_code, job_type_name,
    job_role_code, job_role_name
) VALUES
    (108, 3, '인사·HR', 22, '노무관리자', 108, '노사관리');
INSERT INTO occupation (
    id, job_group_code, job_group_name,
    job_type_code, job_type_name,
    job_role_code, job_role_name
) VALUES
    (109, 3, '인사·HR', 22, '노무관리자', 109, '인사교육');
INSERT INTO occupation (
    id, job_group_code, job_group_name,
    job_type_code, job_type_name,
    job_role_code, job_role_name
) VALUES
    (110, 3, '인사·HR', 22, '노무관리자', 110, '경력관리');
INSERT INTO occupation (
    id, job_group_code, job_group_name,
    job_type_code, job_type_name,
    job_role_code, job_role_name
) VALUES
    (111, 3, '인사·HR', 22, '노무관리자', 111, '복리후생');
INSERT INTO occupation (
    id, job_group_code, job_group_name,
    job_type_code, job_type_name,
    job_role_code, job_role_name
) VALUES
    (112, 3, '인사·HR', 23, '잡매니저', 112, '인재관리');
INSERT INTO occupation (
    id, job_group_code, job_group_name,
    job_type_code, job_type_name,
    job_role_code, job_role_name
) VALUES
    (113, 3, '인사·HR', 23, '잡매니저', 113, '인재발굴');
INSERT INTO occupation (
    id, job_group_code, job_group_name,
    job_type_code, job_type_name,
    job_role_code, job_role_name
) VALUES
    (114, 3, '인사·HR', 23, '잡매니저', 114, '채용대행');
INSERT INTO occupation (
    id, job_group_code, job_group_name,
    job_type_code, job_type_name,
    job_role_code, job_role_name
) VALUES
    (115, 3, '인사·HR', 23, '잡매니저', 115, '파견관리');
INSERT INTO occupation (
    id, job_group_code, job_group_name,
    job_type_code, job_type_name,
    job_role_code, job_role_name
) VALUES
    (116, 3, '인사·HR', 24, '헤드헌터', 116, '인재발굴');
INSERT INTO occupation (
    id, job_group_code, job_group_name,
    job_type_code, job_type_name,
    job_role_code, job_role_name
) VALUES
    (117, 3, '인사·HR', 24, '헤드헌터', 117, '인재컨설팅');
INSERT INTO occupation (
    id, job_group_code, job_group_name,
    job_type_code, job_type_name,
    job_role_code, job_role_name
) VALUES
    (118, 3, '인사·HR', 24, '헤드헌터', 118, '스카우트');
INSERT INTO occupation (
    id, job_group_code, job_group_name,
    job_type_code, job_type_name,
    job_role_code, job_role_name
) VALUES
    (119, 3, '인사·HR', 24, '헤드헌터', 119, '인재관리');
INSERT INTO occupation (
    id, job_group_code, job_group_name,
    job_type_code, job_type_name,
    job_role_code, job_role_name
) VALUES
    (120, 3, '인사·HR', 24, '헤드헌터', 120, '채용대행');
INSERT INTO occupation (
    id, job_group_code, job_group_name,
    job_type_code, job_type_name,
    job_role_code, job_role_name
) VALUES
    (121, 3, '인사·HR', 25, '직업상담사', 121, '취업상담');
INSERT INTO occupation (
    id, job_group_code, job_group_name,
    job_type_code, job_type_name,
    job_role_code, job_role_name
) VALUES
    (122, 3, '인사·HR', 25, '직업상담사', 122, '직업훈련');
INSERT INTO occupation (
    id, job_group_code, job_group_name,
    job_type_code, job_type_name,
    job_role_code, job_role_name
) VALUES
    (123, 3, '인사·HR', 25, '직업상담사', 123, '경력관리');
INSERT INTO occupation (
    id, job_group_code, job_group_name,
    job_type_code, job_type_name,
    job_role_code, job_role_name
) VALUES
    (124, 3, '인사·HR', 25, '직업상담사', 124, '회원관리');
INSERT INTO occupation (
    id, job_group_code, job_group_name,
    job_type_code, job_type_name,
    job_role_code, job_role_name
) VALUES
    (125, 4, '회계·세무', 26, '회계담당자', 125, '결산');
INSERT INTO occupation (
    id, job_group_code, job_group_name,
    job_type_code, job_type_name,
    job_role_code, job_role_name
) VALUES
    (126, 4, '회계·세무', 26, '회계담당자', 126, '재무회계');
INSERT INTO occupation (
    id, job_group_code, job_group_name,
    job_type_code, job_type_name,
    job_role_code, job_role_name
) VALUES
    (127, 4, '회계·세무', 26, '회계담당자', 127, '법인결산');
INSERT INTO occupation (
    id, job_group_code, job_group_name,
    job_type_code, job_type_name,
    job_role_code, job_role_name
) VALUES
    (128, 4, '회계·세무', 26, '회계담당자', 128, '관리회계');
INSERT INTO occupation (
    id, job_group_code, job_group_name,
    job_type_code, job_type_name,
    job_role_code, job_role_name
) VALUES
    (129, 4, '회계·세무', 26, '회계담당자', 129, '부가세신고');
INSERT INTO occupation (
    id, job_group_code, job_group_name,
    job_type_code, job_type_name,
    job_role_code, job_role_name
) VALUES
    (130, 4, '회계·세무', 26, '회계담당자', 130, '전표입력');
INSERT INTO occupation (
    id, job_group_code, job_group_name,
    job_type_code, job_type_name,
    job_role_code, job_role_name
) VALUES
    (131, 4, '회계·세무', 26, '회계담당자', 131, '더존');
INSERT INTO occupation (
    id, job_group_code, job_group_name,
    job_type_code, job_type_name,
    job_role_code, job_role_name
) VALUES
    (132, 4, '회계·세무', 26, '회계담당자', 132, '전산회계');
INSERT INTO occupation (
    id, job_group_code, job_group_name,
    job_type_code, job_type_name,
    job_role_code, job_role_name
) VALUES
    (133, 4, '회계·세무', 26, '회계담당자', 133, '4대보험');
INSERT INTO occupation (
    id, job_group_code, job_group_name,
    job_type_code, job_type_name,
    job_role_code, job_role_name
) VALUES
    (134, 4, '회계·세무', 26, '회계담당자', 134, '계산서발행');
INSERT INTO occupation (
    id, job_group_code, job_group_name,
    job_type_code, job_type_name,
    job_role_code, job_role_name
) VALUES
    (135, 4, '회계·세무', 26, '회계담당자', 135, '원가회계');
INSERT INTO occupation (
    id, job_group_code, job_group_name,
    job_type_code, job_type_name,
    job_role_code, job_role_name
) VALUES
    (136, 4, '회계·세무', 26, '회계담당자', 136, '기업회계');
INSERT INTO occupation (
    id, job_group_code, job_group_name,
    job_type_code, job_type_name,
    job_role_code, job_role_name
) VALUES
    (137, 4, '회계·세무', 26, '회계담당자', 137, '회계감사');
INSERT INTO occupation (
    id, job_group_code, job_group_name,
    job_type_code, job_type_name,
    job_role_code, job_role_name
) VALUES
    (138, 4, '회계·세무', 26, '회계담당자', 138, 'ERP운용');
INSERT INTO occupation (
    id, job_group_code, job_group_name,
    job_type_code, job_type_name,
    job_role_code, job_role_name
) VALUES
    (139, 4, '회계·세무', 26, '회계담당자', 139, 'CFO');
INSERT INTO occupation (
    id, job_group_code, job_group_name,
    job_type_code, job_type_name,
    job_role_code, job_role_name
) VALUES
    (140, 4, '회계·세무', 27, '경리', 140, '계산서발행');
INSERT INTO occupation (
    id, job_group_code, job_group_name,
    job_type_code, job_type_name,
    job_role_code, job_role_name
) VALUES
    (141, 4, '회계·세무', 27, '경리', 141, '전표입력');
INSERT INTO occupation (
    id, job_group_code, job_group_name,
    job_type_code, job_type_name,
    job_role_code, job_role_name
) VALUES
    (142, 4, '회계·세무', 27, '경리', 142, '급여관리');
INSERT INTO occupation (
    id, job_group_code, job_group_name,
    job_type_code, job_type_name,
    job_role_code, job_role_name
) VALUES
    (143, 4, '회계·세무', 27, '경리', 143, '부가세신고');
INSERT INTO occupation (
    id, job_group_code, job_group_name,
    job_type_code, job_type_name,
    job_role_code, job_role_name
) VALUES
    (144, 4, '회계·세무', 27, '경리', 144, '결산');
INSERT INTO occupation (
    id, job_group_code, job_group_name,
    job_type_code, job_type_name,
    job_role_code, job_role_name
) VALUES
    (145, 4, '회계·세무', 27, '경리', 145, '4대보험');
INSERT INTO occupation (
    id, job_group_code, job_group_name,
    job_type_code, job_type_name,
    job_role_code, job_role_name
) VALUES
    (146, 4, '회계·세무', 27, '경리', 146, 'ERP운용');
INSERT INTO occupation (
    id, job_group_code, job_group_name,
    job_type_code, job_type_name,
    job_role_code, job_role_name
) VALUES
    (147, 4, '회계·세무', 27, '경리', 147, '더존');
INSERT INTO occupation (
    id, job_group_code, job_group_name,
    job_type_code, job_type_name,
    job_role_code, job_role_name
) VALUES
    (148, 4, '회계·세무', 28, '세무담당자', 148, '세무신고');
INSERT INTO occupation (
    id, job_group_code, job_group_name,
    job_type_code, job_type_name,
    job_role_code, job_role_name
) VALUES
    (149, 4, '회계·세무', 28, '세무담당자', 149, '부가세신고');
INSERT INTO occupation (
    id, job_group_code, job_group_name,
    job_type_code, job_type_name,
    job_role_code, job_role_name
) VALUES
    (150, 4, '회계·세무', 28, '세무담당자', 150, '세무기장');
INSERT INTO occupation (
    id, job_group_code, job_group_name,
    job_type_code, job_type_name,
    job_role_code, job_role_name
) VALUES
    (151, 4, '회계·세무', 28, '세무담당자', 151, '세무조정');
INSERT INTO occupation (
    id, job_group_code, job_group_name,
    job_type_code, job_type_name,
    job_role_code, job_role_name
) VALUES
    (152, 4, '회계·세무', 28, '세무담당자', 152, '연말정산');
INSERT INTO occupation (
    id, job_group_code, job_group_name,
    job_type_code, job_type_name,
    job_role_code, job_role_name
) VALUES
    (153, 4, '회계·세무', 29, '재무담당자', 153, '재무회계');
INSERT INTO occupation (
    id, job_group_code, job_group_name,
    job_type_code, job_type_name,
    job_role_code, job_role_name
) VALUES
    (154, 4, '회계·세무', 29, '재무담당자', 154, '자금관리');
INSERT INTO occupation (
    id, job_group_code, job_group_name,
    job_type_code, job_type_name,
    job_role_code, job_role_name
) VALUES
    (155, 4, '회계·세무', 29, '재무담당자', 155, '결산');
INSERT INTO occupation (
    id, job_group_code, job_group_name,
    job_type_code, job_type_name,
    job_role_code, job_role_name
) VALUES
    (156, 4, '회계·세무', 29, '재무담당자', 156, '재무기획');
INSERT INTO occupation (
    id, job_group_code, job_group_name,
    job_type_code, job_type_name,
    job_role_code, job_role_name
) VALUES
    (157, 4, '회계·세무', 29, '재무담당자', 157, '재무분석');
INSERT INTO occupation (
    id, job_group_code, job_group_name,
    job_type_code, job_type_name,
    job_role_code, job_role_name
) VALUES
    (158, 4, '회계·세무', 29, '재무담당자', 158, '입출금관리');
INSERT INTO occupation (
    id, job_group_code, job_group_name,
    job_type_code, job_type_name,
    job_role_code, job_role_name
) VALUES
    (159, 4, '회계·세무', 29, '재무담당자', 159, '외환관리');
INSERT INTO occupation (
    id, job_group_code, job_group_name,
    job_type_code, job_type_name,
    job_role_code, job_role_name
) VALUES
    (160, 4, '회계·세무', 30, '감사', 160, '내부감사');
INSERT INTO occupation (
    id, job_group_code, job_group_name,
    job_type_code, job_type_name,
    job_role_code, job_role_name
) VALUES
    (161, 4, '회계·세무', 30, '감사', 161, '회계감사');
INSERT INTO occupation (
    id, job_group_code, job_group_name,
    job_type_code, job_type_name,
    job_role_code, job_role_name
) VALUES
    (162, 4, '회계·세무', 30, '감사', 162, '외부감사');
INSERT INTO occupation (
    id, job_group_code, job_group_name,
    job_type_code, job_type_name,
    job_role_code, job_role_name
) VALUES
    (163, 4, '회계·세무', 31, 'IR·공시', 163, '재무분석');
INSERT INTO occupation (
    id, job_group_code, job_group_name,
    job_type_code, job_type_name,
    job_role_code, job_role_name
) VALUES
    (164, 4, '회계·세무', 31, 'IR·공시', 164, '재무기획');
INSERT INTO occupation (
    id, job_group_code, job_group_name,
    job_type_code, job_type_name,
    job_role_code, job_role_name
) VALUES
    (165, 4, '회계·세무', 31, 'IR·공시', 165, 'IPO');
INSERT INTO occupation (
    id, job_group_code, job_group_name,
    job_type_code, job_type_name,
    job_role_code, job_role_name
) VALUES
    (166, 4, '회계·세무', 31, 'IR·공시', 166, '결산');
INSERT INTO occupation (
    id, job_group_code, job_group_name,
    job_type_code, job_type_name,
    job_role_code, job_role_name
) VALUES
    (167, 4, '회계·세무', 31, 'IR·공시', 167, '통계·분석');
INSERT INTO occupation (
    id, job_group_code, job_group_name,
    job_type_code, job_type_name,
    job_role_code, job_role_name
) VALUES
    (168, 4, '회계·세무', 32, '회계사', 168, '재무회계');
INSERT INTO occupation (
    id, job_group_code, job_group_name,
    job_type_code, job_type_name,
    job_role_code, job_role_name
) VALUES
    (169, 4, '회계·세무', 32, '회계사', 169, '기업회계');
INSERT INTO occupation (
    id, job_group_code, job_group_name,
    job_type_code, job_type_name,
    job_role_code, job_role_name
) VALUES
    (170, 4, '회계·세무', 32, '회계사', 170, '관리회계');
INSERT INTO occupation (
    id, job_group_code, job_group_name,
    job_type_code, job_type_name,
    job_role_code, job_role_name
) VALUES
    (171, 4, '회계·세무', 32, '회계사', 171, '원가회계');
INSERT INTO occupation (
    id, job_group_code, job_group_name,
    job_type_code, job_type_name,
    job_role_code, job_role_name
) VALUES
    (172, 4, '회계·세무', 32, '회계사', 172, '회계감사');
INSERT INTO occupation (
    id, job_group_code, job_group_name,
    job_type_code, job_type_name,
    job_role_code, job_role_name
) VALUES
    (173, 4, '회계·세무', 33, '세무사', 173, '세무신고');
INSERT INTO occupation (
    id, job_group_code, job_group_name,
    job_type_code, job_type_name,
    job_role_code, job_role_name
) VALUES
    (174, 4, '회계·세무', 33, '세무사', 174, '세무조정');
INSERT INTO occupation (
    id, job_group_code, job_group_name,
    job_type_code, job_type_name,
    job_role_code, job_role_name
) VALUES
    (175, 4, '회계·세무', 33, '세무사', 175, '세무기장');
INSERT INTO occupation (
    id, job_group_code, job_group_name,
    job_type_code, job_type_name,
    job_role_code, job_role_name
) VALUES
    (176, 4, '회계·세무', 33, '세무사', 176, '부가세신고');
INSERT INTO occupation (
    id, job_group_code, job_group_name,
    job_type_code, job_type_name,
    job_role_code, job_role_name
) VALUES
    (177, 4, '회계·세무', 33, '세무사', 177, '연말정산');
INSERT INTO occupation (
    id, job_group_code, job_group_name,
    job_type_code, job_type_name,
    job_role_code, job_role_name
) VALUES
    (178, 4, '회계·세무', 34, '관세사', 178, '수출입관리');
INSERT INTO occupation (
    id, job_group_code, job_group_name,
    job_type_code, job_type_name,
    job_role_code, job_role_name
) VALUES
    (179, 4, '회계·세무', 34, '관세사', 179, '통관');
INSERT INTO occupation (
    id, job_group_code, job_group_name,
    job_type_code, job_type_name,
    job_role_code, job_role_name
) VALUES
    (180, 4, '회계·세무', 34, '관세사', 180, '관세환급');
INSERT INTO occupation (
    id, job_group_code, job_group_name,
    job_type_code, job_type_name,
    job_role_code, job_role_name
) VALUES
    (181, 5, '마케팅·광고·MD', 35, 'AE(광고기획자)', 181, '광고기획');
INSERT INTO occupation (
    id, job_group_code, job_group_name,
    job_type_code, job_type_name,
    job_role_code, job_role_name
) VALUES
    (182, 5, '마케팅·광고·MD', 35, 'AE(광고기획자)', 182, '시장분석');
INSERT INTO occupation (
    id, job_group_code, job_group_name,
    job_type_code, job_type_name,
    job_role_code, job_role_name
) VALUES
    (183, 5, '마케팅·광고·MD', 35, 'AE(광고기획자)', 183, '브랜딩');
INSERT INTO occupation (
    id, job_group_code, job_group_name,
    job_type_code, job_type_name,
    job_role_code, job_role_name
) VALUES
    (184, 5, '마케팅·광고·MD', 35, 'AE(광고기획자)', 184, '브랜드기획');
INSERT INTO occupation (
    id, job_group_code, job_group_name,
    job_type_code, job_type_name,
    job_role_code, job_role_name
) VALUES
    (185, 5, '마케팅·광고·MD', 35, 'AE(광고기획자)', 185, '시장조사');
INSERT INTO occupation (
    id, job_group_code, job_group_name,
    job_type_code, job_type_name,
    job_role_code, job_role_name
) VALUES
    (186, 5, '마케팅·광고·MD', 35, 'AE(광고기획자)', 186, '포지셔닝');
INSERT INTO occupation (
    id, job_group_code, job_group_name,
    job_type_code, job_type_name,
    job_role_code, job_role_name
) VALUES
    (187, 5, '마케팅·광고·MD', 35, 'AE(광고기획자)', 187, '광고PD');
INSERT INTO occupation (
    id, job_group_code, job_group_name,
    job_type_code, job_type_name,
    job_role_code, job_role_name
) VALUES
    (188, 5, '마케팅·광고·MD', 35, 'AE(광고기획자)', 188, 'PPL');
INSERT INTO occupation (
    id, job_group_code, job_group_name,
    job_type_code, job_type_name,
    job_role_code, job_role_name
) VALUES
    (189, 5, '마케팅·광고·MD', 36, '브랜드마케터', 189, '브랜딩');
INSERT INTO occupation (
    id, job_group_code, job_group_name,
    job_type_code, job_type_name,
    job_role_code, job_role_name
) VALUES
    (190, 5, '마케팅·광고·MD', 36, '브랜드마케터', 190, '시장분석');
INSERT INTO occupation (
    id, job_group_code, job_group_name,
    job_type_code, job_type_name,
    job_role_code, job_role_name
) VALUES
    (191, 5, '마케팅·광고·MD', 36, '브랜드마케터', 191, '이벤트기획');
INSERT INTO occupation (
    id, job_group_code, job_group_name,
    job_type_code, job_type_name,
    job_role_code, job_role_name
) VALUES
    (192, 5, '마케팅·광고·MD', 36, '브랜드마케터', 192, '기업홍보');
INSERT INTO occupation (
    id, job_group_code, job_group_name,
    job_type_code, job_type_name,
    job_role_code, job_role_name
) VALUES
    (193, 5, '마케팅·광고·MD', 36, '브랜드마케터', 193, '언론홍보');
INSERT INTO occupation (
    id, job_group_code, job_group_name,
    job_type_code, job_type_name,
    job_role_code, job_role_name
) VALUES
    (194, 5, '마케팅·광고·MD', 36, '브랜드마케터', 194, '라이센싱');
INSERT INTO occupation (
    id, job_group_code, job_group_name,
    job_type_code, job_type_name,
    job_role_code, job_role_name
) VALUES
    (195, 5, '마케팅·광고·MD', 37, '퍼포먼스마케터', 195, 'SNS마케팅');
INSERT INTO occupation (
    id, job_group_code, job_group_name,
    job_type_code, job_type_name,
    job_role_code, job_role_name
) VALUES
    (196, 5, '마케팅·광고·MD', 37, '퍼포먼스마케터', 196, '키워드광고');
INSERT INTO occupation (
    id, job_group_code, job_group_name,
    job_type_code, job_type_name,
    job_role_code, job_role_name
) VALUES
    (197, 5, '마케팅·광고·MD', 37, '퍼포먼스마케터', 197, '카페·블로그관리');
INSERT INTO occupation (
    id, job_group_code, job_group_name,
    job_type_code, job_type_name,
    job_role_code, job_role_name
) VALUES
    (198, 5, '마케팅·광고·MD', 38, 'CRM마케터', 198, '고객관리');
INSERT INTO occupation (
    id, job_group_code, job_group_name,
    job_type_code, job_type_name,
    job_role_code, job_role_name
) VALUES
    (199, 5, '마케팅·광고·MD', 38, 'CRM마케터', 199, '매출관리');
INSERT INTO occupation (
    id, job_group_code, job_group_name,
    job_type_code, job_type_name,
    job_role_code, job_role_name
) VALUES
    (200, 5, '마케팅·광고·MD', 38, 'CRM마케터', 200, '프로모션');
INSERT INTO occupation (
    id, job_group_code, job_group_name,
    job_type_code, job_type_name,
    job_role_code, job_role_name
) VALUES
    (201, 5, '마케팅·광고·MD', 39, '온라인마케터', 201, 'SNS마케팅');
INSERT INTO occupation (
    id, job_group_code, job_group_name,
    job_type_code, job_type_name,
    job_role_code, job_role_name
) VALUES
    (202, 5, '마케팅·광고·MD', 39, '온라인마케터', 202, '바이럴마케팅');
INSERT INTO occupation (
    id, job_group_code, job_group_name,
    job_type_code, job_type_name,
    job_role_code, job_role_name
) VALUES
    (203, 5, '마케팅·광고·MD', 39, '온라인마케터', 203, '디지털마케팅');
INSERT INTO occupation (
    id, job_group_code, job_group_name,
    job_type_code, job_type_name,
    job_role_code, job_role_name
) VALUES
    (204, 5, '마케팅·광고·MD', 39, '온라인마케터', 204, '키워드광고');
INSERT INTO occupation (
    id, job_group_code, job_group_name,
    job_type_code, job_type_name,
    job_role_code, job_role_name
) VALUES
    (205, 5, '마케팅·광고·MD', 39, '온라인마케터', 205, '프로모션');
INSERT INTO occupation (
    id, job_group_code, job_group_name,
    job_type_code, job_type_name,
    job_role_code, job_role_name
) VALUES
    (206, 5, '마케팅·광고·MD', 39, '온라인마케터', 206, '제휴마케팅');
INSERT INTO occupation (
    id, job_group_code, job_group_name,
    job_type_code, job_type_name,
    job_role_code, job_role_name
) VALUES
    (207, 5, '마케팅·광고·MD', 39, '온라인마케터', 207, '배너광고');
INSERT INTO occupation (
    id, job_group_code, job_group_name,
    job_type_code, job_type_name,
    job_role_code, job_role_name
) VALUES
    (208, 5, '마케팅·광고·MD', 39, '온라인마케터', 208, 'IMC');
INSERT INTO occupation (
    id, job_group_code, job_group_name,
    job_type_code, job_type_name,
    job_role_code, job_role_name
) VALUES
    (209, 5, '마케팅·광고·MD', 39, '온라인마케터', 209, 'SEO');
INSERT INTO occupation (
    id, job_group_code, job_group_name,
    job_type_code, job_type_name,
    job_role_code, job_role_name
) VALUES
    (210, 5, '마케팅·광고·MD', 40, '콘텐츠마케터', 210, '콘텐츠기획');
INSERT INTO occupation (
    id, job_group_code, job_group_name,
    job_type_code, job_type_name,
    job_role_code, job_role_name
) VALUES
    (211, 5, '마케팅·광고·MD', 40, '콘텐츠마케터', 211, 'SNS마케팅');
INSERT INTO occupation (
    id, job_group_code, job_group_name,
    job_type_code, job_type_name,
    job_role_code, job_role_name
) VALUES
    (212, 5, '마케팅·광고·MD', 40, '콘텐츠마케터', 212, '영상제작');
INSERT INTO occupation (
    id, job_group_code, job_group_name,
    job_type_code, job_type_name,
    job_role_code, job_role_name
) VALUES
    (213, 5, '마케팅·광고·MD', 40, '콘텐츠마케터', 213, 'SEO');
INSERT INTO occupation (
    id, job_group_code, job_group_name,
    job_type_code, job_type_name,
    job_role_code, job_role_name
) VALUES
    (214, 5, '마케팅·광고·MD', 41, '홍보', 214, '기업홍보');
INSERT INTO occupation (
    id, job_group_code, job_group_name,
    job_type_code, job_type_name,
    job_role_code, job_role_name
) VALUES
    (215, 5, '마케팅·광고·MD', 41, '홍보', 215, '프로모션');
INSERT INTO occupation (
    id, job_group_code, job_group_name,
    job_type_code, job_type_name,
    job_role_code, job_role_name
) VALUES
    (216, 5, '마케팅·광고·MD', 41, '홍보', 216, '이벤트기획');
INSERT INTO occupation (
    id, job_group_code, job_group_name,
    job_type_code, job_type_name,
    job_role_code, job_role_name
) VALUES
    (217, 5, '마케팅·광고·MD', 41, '홍보', 217, '오프라인마케팅');
INSERT INTO occupation (
    id, job_group_code, job_group_name,
    job_type_code, job_type_name,
    job_role_code, job_role_name
) VALUES
    (218, 5, '마케팅·광고·MD', 41, '홍보', 218, '언론홍보');
INSERT INTO occupation (
    id, job_group_code, job_group_name,
    job_type_code, job_type_name,
    job_role_code, job_role_name
) VALUES
    (219, 5, '마케팅·광고·MD', 41, '홍보', 219, 'BTL');
INSERT INTO occupation (
    id, job_group_code, job_group_name,
    job_type_code, job_type_name,
    job_role_code, job_role_name
) VALUES
    (220, 5, '마케팅·광고·MD', 41, '홍보', 220, '옥외광고');
INSERT INTO occupation (
    id, job_group_code, job_group_name,
    job_type_code, job_type_name,
    job_role_code, job_role_name
) VALUES
    (221, 5, '마케팅·광고·MD', 42, '설문·리서치', 221, '시장조사');
INSERT INTO occupation (
    id, job_group_code, job_group_name,
    job_type_code, job_type_name,
    job_role_code, job_role_name
) VALUES
    (222, 5, '마케팅·광고·MD', 42, '설문·리서치', 222, '통계·분석');
INSERT INTO occupation (
    id, job_group_code, job_group_name,
    job_type_code, job_type_name,
    job_role_code, job_role_name
) VALUES
    (223, 5, '마케팅·광고·MD', 42, '설문·리서치', 223, '시장분석');
INSERT INTO occupation (
    id, job_group_code, job_group_name,
    job_type_code, job_type_name,
    job_role_code, job_role_name
) VALUES
    (224, 5, '마케팅·광고·MD', 42, '설문·리서치', 224, '설문조사');
INSERT INTO occupation (
    id, job_group_code, job_group_name,
    job_type_code, job_type_name,
    job_role_code, job_role_name
) VALUES
    (225, 5, '마케팅·광고·MD', 43, 'MD', 225, '상품기획');
INSERT INTO occupation (
    id, job_group_code, job_group_name,
    job_type_code, job_type_name,
    job_role_code, job_role_name
) VALUES
    (226, 5, '마케팅·광고·MD', 43, 'MD', 226, '매출관리');
INSERT INTO occupation (
    id, job_group_code, job_group_name,
    job_type_code, job_type_name,
    job_role_code, job_role_name
) VALUES
    (227, 5, '마케팅·광고·MD', 43, 'MD', 227, '상품입출고');
INSERT INTO occupation (
    id, job_group_code, job_group_name,
    job_type_code, job_type_name,
    job_role_code, job_role_name
) VALUES
    (228, 5, '마케팅·광고·MD', 43, 'MD', 228, '리테일MD');
INSERT INTO occupation (
    id, job_group_code, job_group_name,
    job_type_code, job_type_name,
    job_role_code, job_role_name
) VALUES
    (229, 5, '마케팅·광고·MD', 43, 'MD', 229, '재고관리');
INSERT INTO occupation (
    id, job_group_code, job_group_name,
    job_type_code, job_type_name,
    job_role_code, job_role_name
) VALUES
    (230, 5, '마케팅·광고·MD', 43, 'MD', 230, 'AMD');
INSERT INTO occupation (
    id, job_group_code, job_group_name,
    job_type_code, job_type_name,
    job_role_code, job_role_name
) VALUES
    (231, 5, '마케팅·광고·MD', 43, 'MD', 231, '식품MD');
INSERT INTO occupation (
    id, job_group_code, job_group_name,
    job_type_code, job_type_name,
    job_role_code, job_role_name
) VALUES
    (232, 5, '마케팅·광고·MD', 43, 'MD', 232, 'VMD');
INSERT INTO occupation (
    id, job_group_code, job_group_name,
    job_type_code, job_type_name,
    job_role_code, job_role_name
) VALUES
    (233, 5, '마케팅·광고·MD', 46, '채널관리자', 233, 'SNS마케팅');
INSERT INTO occupation (
    id, job_group_code, job_group_name,
    job_type_code, job_type_name,
    job_role_code, job_role_name
) VALUES
    (234, 5, '마케팅·광고·MD', 46, '채널관리자', 234, '매체관리');
INSERT INTO occupation (
    id, job_group_code, job_group_name,
    job_type_code, job_type_name,
    job_role_code, job_role_name
) VALUES
    (235, 5, '마케팅·광고·MD', 46, '채널관리자', 235, '프로모션');
INSERT INTO occupation (
    id, job_group_code, job_group_name,
    job_type_code, job_type_name,
    job_role_code, job_role_name
) VALUES
    (236, 5, '마케팅·광고·MD', 46, '채널관리자', 236, '카페·블로그관리');
INSERT INTO occupation (
    id, job_group_code, job_group_name,
    job_type_code, job_type_name,
    job_role_code, job_role_name
) VALUES
    (237, 6, 'AI·개발·데이터', 48, '백엔드개발자', 237, '서버관리');
INSERT INTO occupation (
    id, job_group_code, job_group_name,
    job_type_code, job_type_name,
    job_role_code, job_role_name
) VALUES
    (238, 6, 'AI·개발·데이터', 48, '백엔드개발자', 238, 'SI개발');
INSERT INTO occupation (
    id, job_group_code, job_group_name,
    job_type_code, job_type_name,
    job_role_code, job_role_name
) VALUES
    (239, 6, 'AI·개발·데이터', 48, '백엔드개발자', 239, '클라이언트');
INSERT INTO occupation (
    id, job_group_code, job_group_name,
    job_type_code, job_type_name,
    job_role_code, job_role_name
) VALUES
    (240, 6, 'AI·개발·데이터', 48, '백엔드개발자', 240, 'HTTP');
INSERT INTO occupation (
    id, job_group_code, job_group_name,
    job_type_code, job_type_name,
    job_role_code, job_role_name
) VALUES
    (241, 6, 'AI·개발·데이터', 48, '백엔드개발자', 241, '핀테크');
INSERT INTO occupation (
    id, job_group_code, job_group_name,
    job_type_code, job_type_name,
    job_role_code, job_role_name
) VALUES
    (242, 6, 'AI·개발·데이터', 49, '프론트엔드개발자', 242, '인터페이스');
INSERT INTO occupation (
    id, job_group_code, job_group_name,
    job_type_code, job_type_name,
    job_role_code, job_role_name
) VALUES
    (243, 6, 'AI·개발·데이터', 49, '프론트엔드개발자', 243, '반응형웹');
INSERT INTO occupation (
    id, job_group_code, job_group_name,
    job_type_code, job_type_name,
    job_role_code, job_role_name
) VALUES
    (244, 6, 'AI·개발·데이터', 49, '프론트엔드개발자', 244, 'GUI');
INSERT INTO occupation (
    id, job_group_code, job_group_name,
    job_type_code, job_type_name,
    job_role_code, job_role_name
) VALUES
    (245, 6, 'AI·개발·데이터', 51, '앱개발자', 245, 'SI개발');
INSERT INTO occupation (
    id, job_group_code, job_group_name,
    job_type_code, job_type_name,
    job_role_code, job_role_name
) VALUES
    (246, 6, 'AI·개발·데이터', 51, '앱개발자', 246, '인터페이스');
INSERT INTO occupation (
    id, job_group_code, job_group_name,
    job_type_code, job_type_name,
    job_role_code, job_role_name
) VALUES
    (247, 6, 'AI·개발·데이터', 51, '앱개발자', 247, '증강현실');
INSERT INTO occupation (
    id, job_group_code, job_group_name,
    job_type_code, job_type_name,
    job_role_code, job_role_name
) VALUES
    (248, 6, 'AI·개발·데이터', 51, '앱개발자', 248, '가상현실');
INSERT INTO occupation (
    id, job_group_code, job_group_name,
    job_type_code, job_type_name,
    job_role_code, job_role_name
) VALUES
    (249, 6, 'AI·개발·데이터', 51, '앱개발자', 249, '핀테크');
INSERT INTO occupation (
    id, job_group_code, job_group_name,
    job_type_code, job_type_name,
    job_role_code, job_role_name
) VALUES
    (250, 6, 'AI·개발·데이터', 51, '앱개발자', 250, '챗봇');
INSERT INTO occupation (
    id, job_group_code, job_group_name,
    job_type_code, job_type_name,
    job_role_code, job_role_name
) VALUES
    (251, 6, 'AI·개발·데이터', 51, '앱개발자', 251, '메타버스');
INSERT INTO occupation (
    id, job_group_code, job_group_name,
    job_type_code, job_type_name,
    job_role_code, job_role_name
) VALUES
    (252, 6, 'AI·개발·데이터', 51, '앱개발자', 252, '음성인식');
INSERT INTO occupation (
    id, job_group_code, job_group_name,
    job_type_code, job_type_name,
    job_role_code, job_role_name
) VALUES
    (253, 6, 'AI·개발·데이터', 51, '앱개발자', 253, '암호화폐');
INSERT INTO occupation (
    id, job_group_code, job_group_name,
    job_type_code, job_type_name,
    job_role_code, job_role_name
) VALUES
    (254, 6, 'AI·개발·데이터', 52, '시스템엔지니어', 254, '시스템운영');
INSERT INTO occupation (
    id, job_group_code, job_group_name,
    job_type_code, job_type_name,
    job_role_code, job_role_name
) VALUES
    (255, 6, 'AI·개발·데이터', 52, '시스템엔지니어', 255, '시스템설계');
INSERT INTO occupation (
    id, job_group_code, job_group_name,
    job_type_code, job_type_name,
    job_role_code, job_role_name
) VALUES
    (256, 6, 'AI·개발·데이터', 52, '시스템엔지니어', 256, '서버관리');
INSERT INTO occupation (
    id, job_group_code, job_group_name,
    job_type_code, job_type_name,
    job_role_code, job_role_name
) VALUES
    (257, 6, 'AI·개발·데이터', 52, '시스템엔지니어', 257, '네트워크관리');
INSERT INTO occupation (
    id, job_group_code, job_group_name,
    job_type_code, job_type_name,
    job_role_code, job_role_name
) VALUES
    (258, 6, 'AI·개발·데이터', 52, '시스템엔지니어', 258, '서버구축');
INSERT INTO occupation (
    id, job_group_code, job_group_name,
    job_type_code, job_type_name,
    job_role_code, job_role_name
) VALUES
    (259, 6, 'AI·개발·데이터', 52, '시스템엔지니어', 259, '시스템분석');
INSERT INTO occupation (
    id, job_group_code, job_group_name,
    job_type_code, job_type_name,
    job_role_code, job_role_name
) VALUES
    (260, 6, 'AI·개발·데이터', 52, '시스템엔지니어', 260, 'SI개발');
INSERT INTO occupation (
    id, job_group_code, job_group_name,
    job_type_code, job_type_name,
    job_role_code, job_role_name
) VALUES
    (261, 6, 'AI·개발·데이터', 52, '시스템엔지니어', 261, '펌웨어');
INSERT INTO occupation (
    id, job_group_code, job_group_name,
    job_type_code, job_type_name,
    job_role_code, job_role_name
) VALUES
    (262, 6, 'AI·개발·데이터', 53, '네트워크엔지니어', 262, '네트워크관리');
INSERT INTO occupation (
    id, job_group_code, job_group_name,
    job_type_code, job_type_name,
    job_role_code, job_role_name
) VALUES
    (263, 6, 'AI·개발·데이터', 53, '네트워크엔지니어', 263, '시스템운영');
INSERT INTO occupation (
    id, job_group_code, job_group_name,
    job_type_code, job_type_name,
    job_role_code, job_role_name
) VALUES
    (264, 6, 'AI·개발·데이터', 53, '네트워크엔지니어', 264, '서버구축');
INSERT INTO occupation (
    id, job_group_code, job_group_name,
    job_type_code, job_type_name,
    job_role_code, job_role_name
) VALUES
    (265, 6, 'AI·개발·데이터', 54, 'DBA', 265, '데이터관리');
INSERT INTO occupation (
    id, job_group_code, job_group_name,
    job_type_code, job_type_name,
    job_role_code, job_role_name
) VALUES
    (266, 6, 'AI·개발·데이터', 54, 'DBA', 266, 'DBMS');
INSERT INTO occupation (
    id, job_group_code, job_group_name,
    job_type_code, job_type_name,
    job_role_code, job_role_name
) VALUES
    (267, 6, 'AI·개발·데이터', 54, 'DBA', 267, '데이터마이닝');
INSERT INTO occupation (
    id, job_group_code, job_group_name,
    job_type_code, job_type_name,
    job_role_code, job_role_name
) VALUES
    (268, 6, 'AI·개발·데이터', 54, 'DBA', 268, 'DB튜닝');
INSERT INTO occupation (
    id, job_group_code, job_group_name,
    job_type_code, job_type_name,
    job_role_code, job_role_name
) VALUES
    (269, 6, 'AI·개발·데이터', 54, 'DBA', 269, '모델링');
INSERT INTO occupation (
    id, job_group_code, job_group_name,
    job_type_code, job_type_name,
    job_role_code, job_role_name
) VALUES
    (270, 6, 'AI·개발·데이터', 54, 'DBA', 270, 'DW모델러');
INSERT INTO occupation (
    id, job_group_code, job_group_name,
    job_type_code, job_type_name,
    job_role_code, job_role_name
) VALUES
    (271, 6, 'AI·개발·데이터', 54, 'DBA', 271, 'OLAP개발자');
INSERT INTO occupation (
    id, job_group_code, job_group_name,
    job_type_code, job_type_name,
    job_role_code, job_role_name
) VALUES
    (272, 6, 'AI·개발·데이터', 55, '데이터엔지니어', 272, '빅데이터');
INSERT INTO occupation (
    id, job_group_code, job_group_name,
    job_type_code, job_type_name,
    job_role_code, job_role_name
) VALUES
    (273, 6, 'AI·개발·데이터', 55, '데이터엔지니어', 273, '데이터파이프라인');
INSERT INTO occupation (
    id, job_group_code, job_group_name,
    job_type_code, job_type_name,
    job_role_code, job_role_name
) VALUES
    (274, 6, 'AI·개발·데이터', 55, '데이터엔지니어', 274, '데이터레이크');
INSERT INTO occupation (
    id, job_group_code, job_group_name,
    job_type_code, job_type_name,
    job_role_code, job_role_name
) VALUES
    (275, 6, 'AI·개발·데이터', 55, '데이터엔지니어', 275, 'ETL');
INSERT INTO occupation (
    id, job_group_code, job_group_name,
    job_type_code, job_type_name,
    job_role_code, job_role_name
) VALUES
    (276, 6, 'AI·개발·데이터', 56, '데이터사이언티스트', 276, '데이터분석');
INSERT INTO occupation (
    id, job_group_code, job_group_name,
    job_type_code, job_type_name,
    job_role_code, job_role_name
) VALUES
    (277, 6, 'AI·개발·데이터', 56, '데이터사이언티스트', 277, '분석모델링');
INSERT INTO occupation (
    id, job_group_code, job_group_name,
    job_type_code, job_type_name,
    job_role_code, job_role_name
) VALUES
    (278, 6, 'AI·개발·데이터', 56, '데이터사이언티스트', 278, '데이터시각화');
INSERT INTO occupation (
    id, job_group_code, job_group_name,
    job_type_code, job_type_name,
    job_role_code, job_role_name
) VALUES
    (279, 6, 'AI·개발·데이터', 56, '데이터사이언티스트', 279, 'BI');
INSERT INTO occupation (
    id, job_group_code, job_group_name,
    job_type_code, job_type_name,
    job_role_code, job_role_name
) VALUES
    (280, 6, 'AI·개발·데이터', 57, '보안엔지니어', 280, '정보보안');
INSERT INTO occupation (
    id, job_group_code, job_group_name,
    job_type_code, job_type_name,
    job_role_code, job_role_name
) VALUES
    (281, 6, 'AI·개발·데이터', 57, '보안엔지니어', 281, '보안관제');
INSERT INTO occupation (
    id, job_group_code, job_group_name,
    job_type_code, job_type_name,
    job_role_code, job_role_name
) VALUES
    (282, 6, 'AI·개발·데이터', 57, '보안엔지니어', 282, '네트워크관리');
INSERT INTO occupation (
    id, job_group_code, job_group_name,
    job_type_code, job_type_name,
    job_role_code, job_role_name
) VALUES
    (283, 6, 'AI·개발·데이터', 57, '보안엔지니어', 283, '방화벽');
INSERT INTO occupation (
    id, job_group_code, job_group_name,
    job_type_code, job_type_name,
    job_role_code, job_role_name
) VALUES
    (284, 6, 'AI·개발·데이터', 57, '보안엔지니어', 284, '핀테크');
INSERT INTO occupation (
    id, job_group_code, job_group_name,
    job_type_code, job_type_name,
    job_role_code, job_role_name
) VALUES
    (285, 6, 'AI·개발·데이터', 57, '보안엔지니어', 285, '암호화폐');
INSERT INTO occupation (
    id, job_group_code, job_group_name,
    job_type_code, job_type_name,
    job_role_code, job_role_name
) VALUES
    (286, 6, 'AI·개발·데이터', 58, '소프트웨어개발자', 286, '시스템설계');
INSERT INTO occupation (
    id, job_group_code, job_group_name,
    job_type_code, job_type_name,
    job_role_code, job_role_name
) VALUES
    (287, 6, 'AI·개발·데이터', 58, '소프트웨어개발자', 287, 'SI개발');
INSERT INTO occupation (
    id, job_group_code, job_group_name,
    job_type_code, job_type_name,
    job_role_code, job_role_name
) VALUES
    (288, 6, 'AI·개발·데이터', 58, '소프트웨어개발자', 288, '시스템분석');
INSERT INTO occupation (
    id, job_group_code, job_group_name,
    job_type_code, job_type_name,
    job_role_code, job_role_name
) VALUES
    (289, 6, 'AI·개발·데이터', 58, '소프트웨어개발자', 289, '아키텍처');
INSERT INTO occupation (
    id, job_group_code, job_group_name,
    job_type_code, job_type_name,
    job_role_code, job_role_name
) VALUES
    (290, 6, 'AI·개발·데이터', 58, '소프트웨어개발자', 290, '클라이언트');
INSERT INTO occupation (
    id, job_group_code, job_group_name,
    job_type_code, job_type_name,
    job_role_code, job_role_name
) VALUES
    (291, 6, 'AI·개발·데이터', 58, '소프트웨어개발자', 291, '정보보안');
INSERT INTO occupation (
    id, job_group_code, job_group_name,
    job_type_code, job_type_name,
    job_role_code, job_role_name
) VALUES
    (292, 6, 'AI·개발·데이터', 59, '게임개발자', 292, '클라이언트');
INSERT INTO occupation (
    id, job_group_code, job_group_name,
    job_type_code, job_type_name,
    job_role_code, job_role_name
) VALUES
    (293, 6, 'AI·개발·데이터', 59, '게임개발자', 293, 'MMORPG');
INSERT INTO occupation (
    id, job_group_code, job_group_name,
    job_type_code, job_type_name,
    job_role_code, job_role_name
) VALUES
    (294, 6, 'AI·개발·데이터', 59, '게임개발자', 294, '모델링');
INSERT INTO occupation (
    id, job_group_code, job_group_name,
    job_type_code, job_type_name,
    job_role_code, job_role_name
) VALUES
    (295, 6, 'AI·개발·데이터', 59, '게임개발자', 295, '가상현실');
INSERT INTO occupation (
    id, job_group_code, job_group_name,
    job_type_code, job_type_name,
    job_role_code, job_role_name
) VALUES
    (296, 6, 'AI·개발·데이터', 59, '게임개발자', 296, '메타버스');
INSERT INTO occupation (
    id, job_group_code, job_group_name,
    job_type_code, job_type_name,
    job_role_code, job_role_name
) VALUES
    (297, 6, 'AI·개발·데이터', 59, '게임개발자', 297, '증강현실');
INSERT INTO occupation (
    id, job_group_code, job_group_name,
    job_type_code, job_type_name,
    job_role_code, job_role_name
) VALUES
    (298, 6, 'AI·개발·데이터', 60, '하드웨어개발자', 298, '회로설계');
INSERT INTO occupation (
    id, job_group_code, job_group_name,
    job_type_code, job_type_name,
    job_role_code, job_role_name
) VALUES
    (299, 6, 'AI·개발·데이터', 60, '하드웨어개발자', 299, '시스템설계');
INSERT INTO occupation (
    id, job_group_code, job_group_name,
    job_type_code, job_type_name,
    job_role_code, job_role_name
) VALUES
    (300, 6, 'AI·개발·데이터', 60, '하드웨어개발자', 300, '펌웨어');
INSERT INTO occupation (
    id, job_group_code, job_group_name,
    job_type_code, job_type_name,
    job_role_code, job_role_name
) VALUES
    (301, 6, 'AI·개발·데이터', 60, '하드웨어개발자', 301, '시스템분석');
INSERT INTO occupation (
    id, job_group_code, job_group_name,
    job_type_code, job_type_name,
    job_role_code, job_role_name
) VALUES
    (302, 6, 'AI·개발·데이터', 60, '하드웨어개발자', 302, '검증');
INSERT INTO occupation (
    id, job_group_code, job_group_name,
    job_type_code, job_type_name,
    job_role_code, job_role_name
) VALUES
    (303, 6, 'AI·개발·데이터', 61, 'AI/ML엔지니어', 303, '인공지능');
INSERT INTO occupation (
    id, job_group_code, job_group_name,
    job_type_code, job_type_name,
    job_role_code, job_role_name
) VALUES
    (304, 6, 'AI·개발·데이터', 61, 'AI/ML엔지니어', 304, '딥러닝');
INSERT INTO occupation (
    id, job_group_code, job_group_name,
    job_type_code, job_type_name,
    job_role_code, job_role_name
) VALUES
    (305, 6, 'AI·개발·데이터', 61, 'AI/ML엔지니어', 305, '모델링');
INSERT INTO occupation (
    id, job_group_code, job_group_name,
    job_type_code, job_type_name,
    job_role_code, job_role_name
) VALUES
    (306, 6, 'AI·개발·데이터', 61, 'AI/ML엔지니어', 306, '자연어처리(NLP)');
INSERT INTO occupation (
    id, job_group_code, job_group_name,
    job_type_code, job_type_name,
    job_role_code, job_role_name
) VALUES
    (307, 6, 'AI·개발·데이터', 61, 'AI/ML엔지니어', 307, '이미지프로세싱');
INSERT INTO occupation (
    id, job_group_code, job_group_name,
    job_type_code, job_type_name,
    job_role_code, job_role_name
) VALUES
    (308, 6, 'AI·개발·데이터', 61, 'AI/ML엔지니어', 308, '챗봇');
INSERT INTO occupation (
    id, job_group_code, job_group_name,
    job_type_code, job_type_name,
    job_role_code, job_role_name
) VALUES
    (309, 6, 'AI·개발·데이터', 61, 'AI/ML엔지니어', 309, '음성인식');
INSERT INTO occupation (
    id, job_group_code, job_group_name,
    job_type_code, job_type_name,
    job_role_code, job_role_name
) VALUES
    (310, 6, 'AI·개발·데이터', 62, '블록체인개발자', 310, '스마트컨트랙트');
INSERT INTO occupation (
    id, job_group_code, job_group_name,
    job_type_code, job_type_name,
    job_role_code, job_role_name
) VALUES
    (311, 6, 'AI·개발·데이터', 62, '블록체인개발자', 311, 'Dapp');
INSERT INTO occupation (
    id, job_group_code, job_group_name,
    job_type_code, job_type_name,
    job_role_code, job_role_name
) VALUES
    (312, 6, 'AI·개발·데이터', 62, '블록체인개발자', 312, '암호화폐');
INSERT INTO occupation (
    id, job_group_code, job_group_name,
    job_type_code, job_type_name,
    job_role_code, job_role_name
) VALUES
    (313, 6, 'AI·개발·데이터', 62, '블록체인개발자', 313, 'Dcode');
INSERT INTO occupation (
    id, job_group_code, job_group_name,
    job_type_code, job_type_name,
    job_role_code, job_role_name
) VALUES
    (314, 6, 'AI·개발·데이터', 63, '클라우드엔지니어', 314, '클라우드아키텍트');
INSERT INTO occupation (
    id, job_group_code, job_group_name,
    job_type_code, job_type_name,
    job_role_code, job_role_name
) VALUES
    (315, 6, 'AI·개발·데이터', 63, '클라우드엔지니어', 315, '솔루션스아키텍트');
INSERT INTO occupation (
    id, job_group_code, job_group_name,
    job_type_code, job_type_name,
    job_role_code, job_role_name
) VALUES
    (316, 6, 'AI·개발·데이터', 63, '클라우드엔지니어', 316, '클라우드개발자');
INSERT INTO occupation (
    id, job_group_code, job_group_name,
    job_type_code, job_type_name,
    job_role_code, job_role_name
) VALUES
    (317, 6, 'AI·개발·데이터', 63, '클라우드엔지니어', 317, '네트워크관리');
INSERT INTO occupation (
    id, job_group_code, job_group_name,
    job_type_code, job_type_name,
    job_role_code, job_role_name
) VALUES
    (318, 6, 'AI·개발·데이터', 64, '웹퍼블리셔', 318, '웹표준·웹접근성');
INSERT INTO occupation (
    id, job_group_code, job_group_name,
    job_type_code, job_type_name,
    job_role_code, job_role_name
) VALUES
    (319, 6, 'AI·개발·데이터', 64, '웹퍼블리셔', 319, '반응형웹');
INSERT INTO occupation (
    id, job_group_code, job_group_name,
    job_type_code, job_type_name,
    job_role_code, job_role_name
) VALUES
    (320, 6, 'AI·개발·데이터', 64, '웹퍼블리셔', 320, 'GUI');
INSERT INTO occupation (
    id, job_group_code, job_group_name,
    job_type_code, job_type_name,
    job_role_code, job_role_name
) VALUES
    (321, 6, 'AI·개발·데이터', 64, '웹퍼블리셔', 321, '웹마스터');
INSERT INTO occupation (
    id, job_group_code, job_group_name,
    job_type_code, job_type_name,
    job_role_code, job_role_name
) VALUES
    (322, 6, 'AI·개발·데이터', 66, 'QA', 322, '테스터');
INSERT INTO occupation (
    id, job_group_code, job_group_name,
    job_type_code, job_type_name,
    job_role_code, job_role_name
) VALUES
    (323, 6, 'AI·개발·데이터', 66, 'QA', 323, '검증');
INSERT INTO occupation (
    id, job_group_code, job_group_name,
    job_type_code, job_type_name,
    job_role_code, job_role_name
) VALUES
    (324, 6, 'AI·개발·데이터', 66, 'QA', 324, '웹마스터');
INSERT INTO occupation (
    id, job_group_code, job_group_name,
    job_type_code, job_type_name,
    job_role_code, job_role_name
) VALUES
    (325, 7, '디자인', 74, '그래픽디자이너', 325, '2D디자인');
INSERT INTO occupation (
    id, job_group_code, job_group_name,
    job_type_code, job_type_name,
    job_role_code, job_role_name
) VALUES
    (326, 7, '디자인', 74, '그래픽디자이너', 326, '디지털디자인');
INSERT INTO occupation (
    id, job_group_code, job_group_name,
    job_type_code, job_type_name,
    job_role_code, job_role_name
) VALUES
    (327, 7, '디자인', 74, '그래픽디자이너', 327, '삽화·일러스트');
INSERT INTO occupation (
    id, job_group_code, job_group_name,
    job_type_code, job_type_name,
    job_role_code, job_role_name
) VALUES
    (328, 7, '디자인', 74, '그래픽디자이너', 328, '모션그래픽');
INSERT INTO occupation (
    id, job_group_code, job_group_name,
    job_type_code, job_type_name,
    job_role_code, job_role_name
) VALUES
    (329, 7, '디자인', 74, '그래픽디자이너', 329, 'Sign디자인');
INSERT INTO occupation (
    id, job_group_code, job_group_name,
    job_type_code, job_type_name,
    job_role_code, job_role_name
) VALUES
    (330, 7, '디자인', 74, '그래픽디자이너', 330, 'CG');
INSERT INTO occupation (
    id, job_group_code, job_group_name,
    job_type_code, job_type_name,
    job_role_code, job_role_name
) VALUES
    (331, 7, '디자인', 74, '그래픽디자이너', 331, 'POP');
INSERT INTO occupation (
    id, job_group_code, job_group_name,
    job_type_code, job_type_name,
    job_role_code, job_role_name
) VALUES
    (332, 7, '디자인', 74, '그래픽디자이너', 332, 'CI');
INSERT INTO occupation (
    id, job_group_code, job_group_name,
    job_type_code, job_type_name,
    job_role_code, job_role_name
) VALUES
    (333, 7, '디자인', 74, '그래픽디자이너', 333, '애니메이션');
INSERT INTO occupation (
    id, job_group_code, job_group_name,
    job_type_code, job_type_name,
    job_role_code, job_role_name
) VALUES
    (334, 7, '디자인', 74, '그래픽디자이너', 334, '원화디자인');
INSERT INTO occupation (
    id, job_group_code, job_group_name,
    job_type_code, job_type_name,
    job_role_code, job_role_name
) VALUES
    (335, 7, '디자인', 74, '그래픽디자이너', 335, '아바타디자인');
INSERT INTO occupation (
    id, job_group_code, job_group_name,
    job_type_code, job_type_name,
    job_role_code, job_role_name
) VALUES
    (336, 7, '디자인', 75, '3D디자이너', 336, '디지털디자인');
INSERT INTO occupation (
    id, job_group_code, job_group_name,
    job_type_code, job_type_name,
    job_role_code, job_role_name
) VALUES
    (337, 7, '디자인', 75, '3D디자이너', 337, '모션그래픽');
INSERT INTO occupation (
    id, job_group_code, job_group_name,
    job_type_code, job_type_name,
    job_role_code, job_role_name
) VALUES
    (338, 7, '디자인', 75, '3D디자이너', 338, '애니메이션');
INSERT INTO occupation (
    id, job_group_code, job_group_name,
    job_type_code, job_type_name,
    job_role_code, job_role_name
) VALUES
    (339, 7, '디자인', 75, '3D디자이너', 339, 'CG');
INSERT INTO occupation (
    id, job_group_code, job_group_name,
    job_type_code, job_type_name,
    job_role_code, job_role_name
) VALUES
    (340, 7, '디자인', 75, '3D디자이너', 340, '삽화·일러스트');
INSERT INTO occupation (
    id, job_group_code, job_group_name,
    job_type_code, job_type_name,
    job_role_code, job_role_name
) VALUES
    (341, 7, '디자인', 75, '3D디자이너', 341, '아바타디자인');
INSERT INTO occupation (
    id, job_group_code, job_group_name,
    job_type_code, job_type_name,
    job_role_code, job_role_name
) VALUES
    (342, 7, '디자인', 75, '3D디자이너', 342, '원화디자인');
INSERT INTO occupation (
    id, job_group_code, job_group_name,
    job_type_code, job_type_name,
    job_role_code, job_role_name
) VALUES
    (343, 7, '디자인', 75, '3D디자이너', 343, '만화디자인');
INSERT INTO occupation (
    id, job_group_code, job_group_name,
    job_type_code, job_type_name,
    job_role_code, job_role_name
) VALUES
    (344, 7, '디자인', 76, '제품디자이너', 344, '패키지디자인');
INSERT INTO occupation (
    id, job_group_code, job_group_name,
    job_type_code, job_type_name,
    job_role_code, job_role_name
) VALUES
    (345, 7, '디자인', 76, '제품디자이너', 345, '잡화디자인');
INSERT INTO occupation (
    id, job_group_code, job_group_name,
    job_type_code, job_type_name,
    job_role_code, job_role_name
) VALUES
    (346, 7, '디자인', 76, '제품디자이너', 346, '2D디자인');
INSERT INTO occupation (
    id, job_group_code, job_group_name,
    job_type_code, job_type_name,
    job_role_code, job_role_name
) VALUES
    (347, 7, '디자인', 76, '제품디자이너', 347, '악세사리디자인');
INSERT INTO occupation (
    id, job_group_code, job_group_name,
    job_type_code, job_type_name,
    job_role_code, job_role_name
) VALUES
    (348, 7, '디자인', 76, '제품디자이너', 348, '공업디자인');
INSERT INTO occupation (
    id, job_group_code, job_group_name,
    job_type_code, job_type_name,
    job_role_code, job_role_name
) VALUES
    (349, 7, '디자인', 76, '제품디자이너', 349, '문구디자인');
INSERT INTO occupation (
    id, job_group_code, job_group_name,
    job_type_code, job_type_name,
    job_role_code, job_role_name
) VALUES
    (350, 7, '디자인', 76, '제품디자이너', 350, '팬시디자인');
INSERT INTO occupation (
    id, job_group_code, job_group_name,
    job_type_code, job_type_name,
    job_role_code, job_role_name
) VALUES
    (351, 7, '디자인', 76, '제품디자이너', 351, '가구디자인');
INSERT INTO occupation (
    id, job_group_code, job_group_name,
    job_type_code, job_type_name,
    job_role_code, job_role_name
) VALUES
    (352, 7, '디자인', 76, '제품디자이너', 352, '주얼리디자인');
INSERT INTO occupation (
    id, job_group_code, job_group_name,
    job_type_code, job_type_name,
    job_role_code, job_role_name
) VALUES
    (353, 7, '디자인', 76, '제품디자이너', 353, '공예디자인');
INSERT INTO occupation (
    id, job_group_code, job_group_name,
    job_type_code, job_type_name,
    job_role_code, job_role_name
) VALUES
    (354, 7, '디자인', 76, '제품디자이너', 354, '금속디자인');
INSERT INTO occupation (
    id, job_group_code, job_group_name,
    job_type_code, job_type_name,
    job_role_code, job_role_name
) VALUES
    (355, 7, '디자인', 77, '산업디자이너', 355, '잡화디자인');
INSERT INTO occupation (
    id, job_group_code, job_group_name,
    job_type_code, job_type_name,
    job_role_code, job_role_name
) VALUES
    (356, 7, '디자인', 77, '산업디자이너', 356, '가구디자인');
INSERT INTO occupation (
    id, job_group_code, job_group_name,
    job_type_code, job_type_name,
    job_role_code, job_role_name
) VALUES
    (357, 7, '디자인', 77, '산업디자이너', 357, '문구디자인');
INSERT INTO occupation (
    id, job_group_code, job_group_name,
    job_type_code, job_type_name,
    job_role_code, job_role_name
) VALUES
    (358, 7, '디자인', 77, '산업디자이너', 358, 'Sign디자인');
INSERT INTO occupation (
    id, job_group_code, job_group_name,
    job_type_code, job_type_name,
    job_role_code, job_role_name
) VALUES
    (359, 7, '디자인', 77, '산업디자이너', 359, '금속디자인');
INSERT INTO occupation (
    id, job_group_code, job_group_name,
    job_type_code, job_type_name,
    job_role_code, job_role_name
) VALUES
    (360, 7, '디자인', 77, '산업디자이너', 360, '악세사리디자인');
INSERT INTO occupation (
    id, job_group_code, job_group_name,
    job_type_code, job_type_name,
    job_role_code, job_role_name
) VALUES
    (361, 7, '디자인', 77, '산업디자이너', 361, '공예디자인');
INSERT INTO occupation (
    id, job_group_code, job_group_name,
    job_type_code, job_type_name,
    job_role_code, job_role_name
) VALUES
    (362, 7, '디자인', 77, '산업디자이너', 362, '팬시디자인');
INSERT INTO occupation (
    id, job_group_code, job_group_name,
    job_type_code, job_type_name,
    job_role_code, job_role_name
) VALUES
    (363, 7, '디자인', 77, '산업디자이너', 363, '주얼리디자인');
INSERT INTO occupation (
    id, job_group_code, job_group_name,
    job_type_code, job_type_name,
    job_role_code, job_role_name
) VALUES
    (364, 7, '디자인', 78, '광고디자이너', 364, '디지털디자인');
INSERT INTO occupation (
    id, job_group_code, job_group_name,
    job_type_code, job_type_name,
    job_role_code, job_role_name
) VALUES
    (365, 7, '디자인', 78, '광고디자이너', 365, '브랜드디자인');
INSERT INTO occupation (
    id, job_group_code, job_group_name,
    job_type_code, job_type_name,
    job_role_code, job_role_name
) VALUES
    (366, 7, '디자인', 78, '광고디자이너', 366, '전단지디자인');
INSERT INTO occupation (
    id, job_group_code, job_group_name,
    job_type_code, job_type_name,
    job_role_code, job_role_name
) VALUES
    (367, 7, '디자인', 78, '광고디자이너', 367, '정보디자인');
INSERT INTO occupation (
    id, job_group_code, job_group_name,
    job_type_code, job_type_name,
    job_role_code, job_role_name
) VALUES
    (368, 7, '디자인', 78, '광고디자이너', 368, '옥외광고');
INSERT INTO occupation (
    id, job_group_code, job_group_name,
    job_type_code, job_type_name,
    job_role_code, job_role_name
) VALUES
    (369, 7, '디자인', 78, '광고디자이너', 369, '현수막디자인');
INSERT INTO occupation (
    id, job_group_code, job_group_name,
    job_type_code, job_type_name,
    job_role_code, job_role_name
) VALUES
    (370, 7, '디자인', 78, '광고디자이너', 370, 'Sign디자인');
INSERT INTO occupation (
    id, job_group_code, job_group_name,
    job_type_code, job_type_name,
    job_role_code, job_role_name
) VALUES
    (371, 7, '디자인', 78, '광고디자이너', 371, 'POP');
INSERT INTO occupation (
    id, job_group_code, job_group_name,
    job_type_code, job_type_name,
    job_role_code, job_role_name
) VALUES
    (372, 7, '디자인', 78, '광고디자이너', 372, 'CI');
INSERT INTO occupation (
    id, job_group_code, job_group_name,
    job_type_code, job_type_name,
    job_role_code, job_role_name
) VALUES
    (373, 7, '디자인', 79, '시각디자이너', 373, '브랜드디자인');
INSERT INTO occupation (
    id, job_group_code, job_group_name,
    job_type_code, job_type_name,
    job_role_code, job_role_name
) VALUES
    (374, 7, '디자인', 79, '시각디자이너', 374, '디지털디자인');
INSERT INTO occupation (
    id, job_group_code, job_group_name,
    job_type_code, job_type_name,
    job_role_code, job_role_name
) VALUES
    (375, 7, '디자인', 79, '시각디자이너', 375, '패키지디자인');
INSERT INTO occupation (
    id, job_group_code, job_group_name,
    job_type_code, job_type_name,
    job_role_code, job_role_name
) VALUES
    (376, 7, '디자인', 79, '시각디자이너', 376, '정보디자인');
INSERT INTO occupation (
    id, job_group_code, job_group_name,
    job_type_code, job_type_name,
    job_role_code, job_role_name
) VALUES
    (377, 7, '디자인', 79, '시각디자이너', 377, '전단지디자인');
INSERT INTO occupation (
    id, job_group_code, job_group_name,
    job_type_code, job_type_name,
    job_role_code, job_role_name
) VALUES
    (378, 7, '디자인', 79, '시각디자이너', 378, 'POP');
INSERT INTO occupation (
    id, job_group_code, job_group_name,
    job_type_code, job_type_name,
    job_role_code, job_role_name
) VALUES
    (379, 7, '디자인', 79, '시각디자이너', 379, 'Sign디자인');
INSERT INTO occupation (
    id, job_group_code, job_group_name,
    job_type_code, job_type_name,
    job_role_code, job_role_name
) VALUES
    (380, 7, '디자인', 79, '시각디자이너', 380, '삽화·일러스트');
INSERT INTO occupation (
    id, job_group_code, job_group_name,
    job_type_code, job_type_name,
    job_role_code, job_role_name
) VALUES
    (381, 7, '디자인', 79, '시각디자이너', 381, '현수막디자인');
INSERT INTO occupation (
    id, job_group_code, job_group_name,
    job_type_code, job_type_name,
    job_role_code, job_role_name
) VALUES
    (382, 7, '디자인', 79, '시각디자이너', 382, '폰트디자인');
INSERT INTO occupation (
    id, job_group_code, job_group_name,
    job_type_code, job_type_name,
    job_role_code, job_role_name
) VALUES
    (383, 7, '디자인', 80, '영상디자이너', 383, '영상제작');
INSERT INTO occupation (
    id, job_group_code, job_group_name,
    job_type_code, job_type_name,
    job_role_code, job_role_name
) VALUES
    (384, 7, '디자인', 80, '영상디자이너', 384, '모션그래픽');
INSERT INTO occupation (
    id, job_group_code, job_group_name,
    job_type_code, job_type_name,
    job_role_code, job_role_name
) VALUES
    (385, 7, '디자인', 80, '영상디자이너', 385, '2D디자인');
INSERT INTO occupation (
    id, job_group_code, job_group_name,
    job_type_code, job_type_name,
    job_role_code, job_role_name
) VALUES
    (386, 7, '디자인', 80, '영상디자이너', 386, 'CG');
INSERT INTO occupation (
    id, job_group_code, job_group_name,
    job_type_code, job_type_name,
    job_role_code, job_role_name
) VALUES
    (387, 7, '디자인', 80, '영상디자이너', 387, '애니메이션');
INSERT INTO occupation (
    id, job_group_code, job_group_name,
    job_type_code, job_type_name,
    job_role_code, job_role_name
) VALUES
    (388, 7, '디자인', 81, '웹디자이너', 388, '모바일디자인');
INSERT INTO occupation (
    id, job_group_code, job_group_name,
    job_type_code, job_type_name,
    job_role_code, job_role_name
) VALUES
    (389, 7, '디자인', 81, '웹디자이너', 389, 'UI·UX기획');
INSERT INTO occupation (
    id, job_group_code, job_group_name,
    job_type_code, job_type_name,
    job_role_code, job_role_name
) VALUES
    (390, 7, '디자인', 81, '웹디자이너', 390, 'GUI');
INSERT INTO occupation (
    id, job_group_code, job_group_name,
    job_type_code, job_type_name,
    job_role_code, job_role_name
) VALUES
    (391, 7, '디자인', 82, 'UI·UX디자이너', 391, 'UI·UX기획');
INSERT INTO occupation (
    id, job_group_code, job_group_name,
    job_type_code, job_type_name,
    job_role_code, job_role_name
) VALUES
    (392, 7, '디자인', 82, 'UI·UX디자이너', 392, '모바일디자인');
INSERT INTO occupation (
    id, job_group_code, job_group_name,
    job_type_code, job_type_name,
    job_role_code, job_role_name
) VALUES
    (393, 7, '디자인', 82, 'UI·UX디자이너', 393, 'GUI');
INSERT INTO occupation (
    id, job_group_code, job_group_name,
    job_type_code, job_type_name,
    job_role_code, job_role_name
) VALUES
    (394, 7, '디자인', 83, '패션디자이너', 394, '의상디자인');
INSERT INTO occupation (
    id, job_group_code, job_group_name,
    job_type_code, job_type_name,
    job_role_code, job_role_name
) VALUES
    (395, 7, '디자인', 83, '패션디자이너', 395, '여성캐주얼디자인');
INSERT INTO occupation (
    id, job_group_code, job_group_name,
    job_type_code, job_type_name,
    job_role_code, job_role_name
) VALUES
    (396, 7, '디자인', 83, '패션디자이너', 396, '잡화디자인');
INSERT INTO occupation (
    id, job_group_code, job_group_name,
    job_type_code, job_type_name,
    job_role_code, job_role_name
) VALUES
    (397, 7, '디자인', 83, '패션디자이너', 397, '섬유디자인');
INSERT INTO occupation (
    id, job_group_code, job_group_name,
    job_type_code, job_type_name,
    job_role_code, job_role_name
) VALUES
    (398, 7, '디자인', 83, '패션디자이너', 398, '남성캐주얼디자인');
INSERT INTO occupation (
    id, job_group_code, job_group_name,
    job_type_code, job_type_name,
    job_role_code, job_role_name
) VALUES
    (399, 7, '디자인', 83, '패션디자이너', 399, 'VMD');
INSERT INTO occupation (
    id, job_group_code, job_group_name,
    job_type_code, job_type_name,
    job_role_code, job_role_name
) VALUES
    (400, 7, '디자인', 83, '패션디자이너', 400, '패턴사');
INSERT INTO occupation (
    id, job_group_code, job_group_name,
    job_type_code, job_type_name,
    job_role_code, job_role_name
) VALUES
    (401, 7, '디자인', 83, '패션디자이너', 401, '골프웨어디자인');
INSERT INTO occupation (
    id, job_group_code, job_group_name,
    job_type_code, job_type_name,
    job_role_code, job_role_name
) VALUES
    (402, 7, '디자인', 83, '패션디자이너', 402, '홈패션디자인');
INSERT INTO occupation (
    id, job_group_code, job_group_name,
    job_type_code, job_type_name,
    job_role_code, job_role_name
) VALUES
    (403, 7, '디자인', 83, '패션디자이너', 403, '악세사리디자인');
INSERT INTO occupation (
    id, job_group_code, job_group_name,
    job_type_code, job_type_name,
    job_role_code, job_role_name
) VALUES
    (404, 7, '디자인', 83, '패션디자이너', 404, '아동복디자인');
INSERT INTO occupation (
    id, job_group_code, job_group_name,
    job_type_code, job_type_name,
    job_role_code, job_role_name
) VALUES
    (405, 7, '디자인', 83, '패션디자이너', 405, '주얼리디자인');
INSERT INTO occupation (
    id, job_group_code, job_group_name,
    job_type_code, job_type_name,
    job_role_code, job_role_name
) VALUES
    (406, 7, '디자인', 84, '편집디자이너', 406, '북디자인');
INSERT INTO occupation (
    id, job_group_code, job_group_name,
    job_type_code, job_type_name,
    job_role_code, job_role_name
) VALUES
    (407, 7, '디자인', 84, '편집디자이너', 407, '삽화·일러스트');
INSERT INTO occupation (
    id, job_group_code, job_group_name,
    job_type_code, job_type_name,
    job_role_code, job_role_name
) VALUES
    (408, 7, '디자인', 84, '편집디자이너', 408, '정보디자인');
INSERT INTO occupation (
    id, job_group_code, job_group_name,
    job_type_code, job_type_name,
    job_role_code, job_role_name
) VALUES
    (409, 7, '디자인', 84, '편집디자이너', 409, '교재디자인');
INSERT INTO occupation (
    id, job_group_code, job_group_name,
    job_type_code, job_type_name,
    job_role_code, job_role_name
) VALUES
    (410, 7, '디자인', 84, '편집디자이너', 410, '맥디자인');
INSERT INTO occupation (
    id, job_group_code, job_group_name,
    job_type_code, job_type_name,
    job_role_code, job_role_name
) VALUES
    (411, 7, '디자인', 84, '편집디자이너', 411, '폰트디자인');
INSERT INTO occupation (
    id, job_group_code, job_group_name,
    job_type_code, job_type_name,
    job_role_code, job_role_name
) VALUES
    (412, 7, '디자인', 84, '편집디자이너', 412, 'IBM디자인');
INSERT INTO occupation (
    id, job_group_code, job_group_name,
    job_type_code, job_type_name,
    job_role_code, job_role_name
) VALUES
    (413, 7, '디자인', 85, '실내디자이너', 413, '인테리어디자인');
INSERT INTO occupation (
    id, job_group_code, job_group_name,
    job_type_code, job_type_name,
    job_role_code, job_role_name
) VALUES
    (414, 7, '디자인', 85, '실내디자이너', 414, '전시디자인');
INSERT INTO occupation (
    id, job_group_code, job_group_name,
    job_type_code, job_type_name,
    job_role_code, job_role_name
) VALUES
    (415, 7, '디자인', 85, '실내디자이너', 415, '가구디자인');
INSERT INTO occupation (
    id, job_group_code, job_group_name,
    job_type_code, job_type_name,
    job_role_code, job_role_name
) VALUES
    (416, 7, '디자인', 86, '공간디자이너', 416, '인테리어디자인');
INSERT INTO occupation (
    id, job_group_code, job_group_name,
    job_type_code, job_type_name,
    job_role_code, job_role_name
) VALUES
    (417, 7, '디자인', 86, '공간디자이너', 417, '전시디자인');
INSERT INTO occupation (
    id, job_group_code, job_group_name,
    job_type_code, job_type_name,
    job_role_code, job_role_name
) VALUES
    (418, 7, '디자인', 86, '공간디자이너', 418, '무대디자인');
INSERT INTO occupation (
    id, job_group_code, job_group_name,
    job_type_code, job_type_name,
    job_role_code, job_role_name
) VALUES
    (419, 7, '디자인', 86, '공간디자이너', 419, '조경디자인');
INSERT INTO occupation (
    id, job_group_code, job_group_name,
    job_type_code, job_type_name,
    job_role_code, job_role_name
) VALUES
    (420, 7, '디자인', 87, '캐릭터디자이너', 420, '애니메이션');
INSERT INTO occupation (
    id, job_group_code, job_group_name,
    job_type_code, job_type_name,
    job_role_code, job_role_name
) VALUES
    (421, 7, '디자인', 87, '캐릭터디자이너', 421, '2D디자인');
INSERT INTO occupation (
    id, job_group_code, job_group_name,
    job_type_code, job_type_name,
    job_role_code, job_role_name
) VALUES
    (422, 7, '디자인', 87, '캐릭터디자이너', 422, '만화디자인');
INSERT INTO occupation (
    id, job_group_code, job_group_name,
    job_type_code, job_type_name,
    job_role_code, job_role_name
) VALUES
    (423, 7, '디자인', 87, '캐릭터디자이너', 423, '삽화·일러스트');
INSERT INTO occupation (
    id, job_group_code, job_group_name,
    job_type_code, job_type_name,
    job_role_code, job_role_name
) VALUES
    (424, 7, '디자인', 87, '캐릭터디자이너', 424, '모션그래픽');
INSERT INTO occupation (
    id, job_group_code, job_group_name,
    job_type_code, job_type_name,
    job_role_code, job_role_name
) VALUES
    (425, 7, '디자인', 87, '캐릭터디자이너', 425, '원화디자인');
INSERT INTO occupation (
    id, job_group_code, job_group_name,
    job_type_code, job_type_name,
    job_role_code, job_role_name
) VALUES
    (426, 7, '디자인', 87, '캐릭터디자이너', 426, '아바타디자인');
INSERT INTO occupation (
    id, job_group_code, job_group_name,
    job_type_code, job_type_name,
    job_role_code, job_role_name
) VALUES
    (427, 7, '디자인', 88, '환경디자이너', 427, '공공디자인');
INSERT INTO occupation (
    id, job_group_code, job_group_name,
    job_type_code, job_type_name,
    job_role_code, job_role_name
) VALUES
    (428, 7, '디자인', 88, '환경디자이너', 428, '조경디자인');
INSERT INTO occupation (
    id, job_group_code, job_group_name,
    job_type_code, job_type_name,
    job_role_code, job_role_name
) VALUES
    (429, 7, '디자인', 88, '환경디자이너', 429, '경관디자인');
INSERT INTO occupation (
    id, job_group_code, job_group_name,
    job_type_code, job_type_name,
    job_role_code, job_role_name
) VALUES
    (430, 7, '디자인', 90, '일러스트레이터', 430, '삽화·일러스트');
INSERT INTO occupation (
    id, job_group_code, job_group_name,
    job_type_code, job_type_name,
    job_role_code, job_role_name
) VALUES
    (431, 7, '디자인', 90, '일러스트레이터', 431, '만화디자인');
INSERT INTO occupation (
    id, job_group_code, job_group_name,
    job_type_code, job_type_name,
    job_role_code, job_role_name
) VALUES
    (432, 7, '디자인', 90, '일러스트레이터', 432, '애니메이션');
INSERT INTO occupation (
    id, job_group_code, job_group_name,
    job_type_code, job_type_name,
    job_role_code, job_role_name
) VALUES
    (433, 7, '디자인', 90, '일러스트레이터', 433, '원화디자인');
INSERT INTO occupation (
    id, job_group_code, job_group_name,
    job_type_code, job_type_name,
    job_role_code, job_role_name
) VALUES
    (434, 8, '물류·무역', 91, '물류관리자', 434, '재고관리');
INSERT INTO occupation (
    id, job_group_code, job_group_name,
    job_type_code, job_type_name,
    job_role_code, job_role_name
) VALUES
    (435, 8, '물류·무역', 91, '물류관리자', 435, '창고관리');
INSERT INTO occupation (
    id, job_group_code, job_group_name,
    job_type_code, job_type_name,
    job_role_code, job_role_name
) VALUES
    (436, 8, '물류·무역', 91, '물류관리자', 436, '물류센터');
INSERT INTO occupation (
    id, job_group_code, job_group_name,
    job_type_code, job_type_name,
    job_role_code, job_role_name
) VALUES
    (437, 8, '물류·무역', 91, '물류관리자', 437, '납품');
INSERT INTO occupation (
    id, job_group_code, job_group_name,
    job_type_code, job_type_name,
    job_role_code, job_role_name
) VALUES
    (438, 8, '물류·무역', 92, '구매관리자', 438, '자재구매');
INSERT INTO occupation (
    id, job_group_code, job_group_name,
    job_type_code, job_type_name,
    job_role_code, job_role_name
) VALUES
    (439, 8, '물류·무역', 92, '구매관리자', 439, '구매계약');
INSERT INTO occupation (
    id, job_group_code, job_group_name,
    job_type_code, job_type_name,
    job_role_code, job_role_name
) VALUES
    (440, 8, '물류·무역', 92, '구매관리자', 440, '외자구매');
INSERT INTO occupation (
    id, job_group_code, job_group_name,
    job_type_code, job_type_name,
    job_role_code, job_role_name
) VALUES
    (441, 8, '물류·무역', 93, '자재관리자', 441, '재고관리');
INSERT INTO occupation (
    id, job_group_code, job_group_name,
    job_type_code, job_type_name,
    job_role_code, job_role_name
) VALUES
    (442, 8, '물류·무역', 93, '자재관리자', 442, '상품입출고');
INSERT INTO occupation (
    id, job_group_code, job_group_name,
    job_type_code, job_type_name,
    job_role_code, job_role_name
) VALUES
    (443, 8, '물류·무역', 93, '자재관리자', 443, '자재구매');
INSERT INTO occupation (
    id, job_group_code, job_group_name,
    job_type_code, job_type_name,
    job_role_code, job_role_name
) VALUES
    (444, 8, '물류·무역', 93, '자재관리자', 444, '외자구매');
INSERT INTO occupation (
    id, job_group_code, job_group_name,
    job_type_code, job_type_name,
    job_role_code, job_role_name
) VALUES
    (445, 8, '물류·무역', 94, '유통관리자', 445, '상품입출고');
INSERT INTO occupation (
    id, job_group_code, job_group_name,
    job_type_code, job_type_name,
    job_role_code, job_role_name
) VALUES
    (446, 8, '물류·무역', 94, '유통관리자', 446, '납품');
INSERT INTO occupation (
    id, job_group_code, job_group_name,
    job_type_code, job_type_name,
    job_role_code, job_role_name
) VALUES
    (447, 8, '물류·무역', 94, '유통관리자', 447, '배차');
INSERT INTO occupation (
    id, job_group_code, job_group_name,
    job_type_code, job_type_name,
    job_role_code, job_role_name
) VALUES
    (448, 8, '물류·무역', 94, '유통관리자', 448, '외주관리');
INSERT INTO occupation (
    id, job_group_code, job_group_name,
    job_type_code, job_type_name,
    job_role_code, job_role_name
) VALUES
    (449, 8, '물류·무역', 94, '유통관리자', 449, '보세운송');
INSERT INTO occupation (
    id, job_group_code, job_group_name,
    job_type_code, job_type_name,
    job_role_code, job_role_name
) VALUES
    (450, 8, '물류·무역', 95, '무역사무원', 450, '수출입관리');
INSERT INTO occupation (
    id, job_group_code, job_group_name,
    job_type_code, job_type_name,
    job_role_code, job_role_name
) VALUES
    (451, 8, '물류·무역', 95, '무역사무원', 451, '포워딩');
INSERT INTO occupation (
    id, job_group_code, job_group_name,
    job_type_code, job_type_name,
    job_role_code, job_role_name
) VALUES
    (452, 8, '물류·무역', 95, '무역사무원', 452, '오더관리');
INSERT INTO occupation (
    id, job_group_code, job_group_name,
    job_type_code, job_type_name,
    job_role_code, job_role_name
) VALUES
    (453, 8, '물류·무역', 95, '무역사무원', 453, '국제무역');
INSERT INTO occupation (
    id, job_group_code, job_group_name,
    job_type_code, job_type_name,
    job_role_code, job_role_name
) VALUES
    (454, 8, '물류·무역', 95, '무역사무원', 454, '수출입계약');
INSERT INTO occupation (
    id, job_group_code, job_group_name,
    job_type_code, job_type_name,
    job_role_code, job_role_name
) VALUES
    (455, 8, '물류·무역', 95, '무역사무원', 455, '통관');
INSERT INTO occupation (
    id, job_group_code, job_group_name,
    job_type_code, job_type_name,
    job_role_code, job_role_name
) VALUES
    (456, 8, '물류·무역', 95, '무역사무원', 456, '해상무역');
INSERT INTO occupation (
    id, job_group_code, job_group_name,
    job_type_code, job_type_name,
    job_role_code, job_role_name
) VALUES
    (457, 8, '물류·무역', 95, '무역사무원', 457, '항공무역');
INSERT INTO occupation (
    id, job_group_code, job_group_name,
    job_type_code, job_type_name,
    job_role_code, job_role_name
) VALUES
    (458, 8, '물류·무역', 95, '무역사무원', 458, '바이어개발');
INSERT INTO occupation (
    id, job_group_code, job_group_name,
    job_type_code, job_type_name,
    job_role_code, job_role_name
) VALUES
    (459, 8, '물류·무역', 95, '무역사무원', 459, '무역중개인');
INSERT INTO occupation (
    id, job_group_code, job_group_name,
    job_type_code, job_type_name,
    job_role_code, job_role_name
) VALUES
    (460, 8, '물류·무역', 95, '무역사무원', 460, '관세사무');
INSERT INTO occupation (
    id, job_group_code, job_group_name,
    job_type_code, job_type_name,
    job_role_code, job_role_name
) VALUES
    (461, 8, '물류·무역', 95, '무역사무원', 461, '통관대리인');
INSERT INTO occupation (
    id, job_group_code, job_group_name,
    job_type_code, job_type_name,
    job_role_code, job_role_name
) VALUES
    (462, 8, '물류·무역', 95, '무역사무원', 462, '외환관리');
INSERT INTO occupation (
    id, job_group_code, job_group_name,
    job_type_code, job_type_name,
    job_role_code, job_role_name
) VALUES
    (463, 8, '물류·무역', 95, '무역사무원', 463, '검수사');
INSERT INTO occupation (
    id, job_group_code, job_group_name,
    job_type_code, job_type_name,
    job_role_code, job_role_name
) VALUES
    (464, 8, '물류·무역', 95, '무역사무원', 464, '보세사');
INSERT INTO occupation (
    id, job_group_code, job_group_name,
    job_type_code, job_type_name,
    job_role_code, job_role_name
) VALUES
    (465, 9, '운전·운송·배송', 96, '납품·배송기사', 465, '납품기사');
INSERT INTO occupation (
    id, job_group_code, job_group_name,
    job_type_code, job_type_name,
    job_role_code, job_role_name
) VALUES
    (466, 9, '운전·운송·배송', 96, '납품·배송기사', 466, '배송기사');
INSERT INTO occupation (
    id, job_group_code, job_group_name,
    job_type_code, job_type_name,
    job_role_code, job_role_name
) VALUES
    (467, 9, '운전·운송·배송', 96, '납품·배송기사', 467, '택배');
INSERT INTO occupation (
    id, job_group_code, job_group_name,
    job_type_code, job_type_name,
    job_role_code, job_role_name
) VALUES
    (468, 9, '운전·운송·배송', 96, '납품·배송기사', 468, '운송보조');
INSERT INTO occupation (
    id, job_group_code, job_group_name,
    job_type_code, job_type_name,
    job_role_code, job_role_name
) VALUES
    (469, 9, '운전·운송·배송', 96, '납품·배송기사', 469, '적재·하역');
INSERT INTO occupation (
    id, job_group_code, job_group_name,
    job_type_code, job_type_name,
    job_role_code, job_role_name
) VALUES
    (470, 9, '운전·운송·배송', 96, '납품·배송기사', 470, '배차');
INSERT INTO occupation (
    id, job_group_code, job_group_name,
    job_type_code, job_type_name,
    job_role_code, job_role_name
) VALUES
    (471, 9, '운전·운송·배송', 97, '배달기사', 471, '운송보조');
INSERT INTO occupation (
    id, job_group_code, job_group_name,
    job_type_code, job_type_name,
    job_role_code, job_role_name
) VALUES
    (472, 9, '운전·운송·배송', 97, '배달기사', 472, '퀵서비스');
INSERT INTO occupation (
    id, job_group_code, job_group_name,
    job_type_code, job_type_name,
    job_role_code, job_role_name
) VALUES
    (473, 9, '운전·운송·배송', 97, '배달기사', 473, '음식배달');
INSERT INTO occupation (
    id, job_group_code, job_group_name,
    job_type_code, job_type_name,
    job_role_code, job_role_name
) VALUES
    (474, 9, '운전·운송·배송', 98, '수행·운전기사', 474, '운전기사');
INSERT INTO occupation (
    id, job_group_code, job_group_name,
    job_type_code, job_type_name,
    job_role_code, job_role_name
) VALUES
    (475, 9, '운전·운송·배송', 98, '수행·운전기사', 475, '수행기사');
INSERT INTO occupation (
    id, job_group_code, job_group_name,
    job_type_code, job_type_name,
    job_role_code, job_role_name
) VALUES
    (476, 9, '운전·운송·배송', 98, '수행·운전기사', 476, '승용기사');
INSERT INTO occupation (
    id, job_group_code, job_group_name,
    job_type_code, job_type_name,
    job_role_code, job_role_name
) VALUES
    (477, 9, '운전·운송·배송', 98, '수행·운전기사', 477, '대리운전');
INSERT INTO occupation (
    id, job_group_code, job_group_name,
    job_type_code, job_type_name,
    job_role_code, job_role_name
) VALUES
    (478, 9, '운전·운송·배송', 98, '수행·운전기사', 478, '발레파킹');
INSERT INTO occupation (
    id, job_group_code, job_group_name,
    job_type_code, job_type_name,
    job_role_code, job_role_name
) VALUES
    (479, 9, '운전·운송·배송', 99, '화물·중장비기사', 479, '화물차운전');
INSERT INTO occupation (
    id, job_group_code, job_group_name,
    job_type_code, job_type_name,
    job_role_code, job_role_name
) VALUES
    (480, 9, '운전·운송·배송', 99, '화물·중장비기사', 480, '지게차운전');
INSERT INTO occupation (
    id, job_group_code, job_group_name,
    job_type_code, job_type_name,
    job_role_code, job_role_name
) VALUES
    (481, 9, '운전·운송·배송', 99, '화물·중장비기사', 481, '중장비운전');
INSERT INTO occupation (
    id, job_group_code, job_group_name,
    job_type_code, job_type_name,
    job_role_code, job_role_name
) VALUES
    (482, 9, '운전·운송·배송', 99, '화물·중장비기사', 482, '굴삭기');
INSERT INTO occupation (
    id, job_group_code, job_group_name,
    job_type_code, job_type_name,
    job_role_code, job_role_name
) VALUES
    (483, 9, '운전·운송·배송', 102, '조종·기관사', 483, '해상운송');
INSERT INTO occupation (
    id, job_group_code, job_group_name,
    job_type_code, job_type_name,
    job_role_code, job_role_name
) VALUES
    (484, 9, '운전·운송·배송', 102, '조종·기관사', 484, '육상운송');
INSERT INTO occupation (
    id, job_group_code, job_group_name,
    job_type_code, job_type_name,
    job_role_code, job_role_name
) VALUES
    (485, 9, '운전·운송·배송', 102, '조종·기관사', 485, '항공운송');
INSERT INTO occupation (
    id, job_group_code, job_group_name,
    job_type_code, job_type_name,
    job_role_code, job_role_name
) VALUES
    (486, 10, '영업', 103, '제품영업', 486, '국내영업');
INSERT INTO occupation (
    id, job_group_code, job_group_name,
    job_type_code, job_type_name,
    job_role_code, job_role_name
) VALUES
    (487, 10, '영업', 103, '제품영업', 487, '장비영업');
INSERT INTO occupation (
    id, job_group_code, job_group_name,
    job_type_code, job_type_name,
    job_role_code, job_role_name
) VALUES
    (488, 10, '영업', 103, '제품영업', 488, '식품영업');
INSERT INTO occupation (
    id, job_group_code, job_group_name,
    job_type_code, job_type_name,
    job_role_code, job_role_name
) VALUES
    (489, 10, '영업', 103, '제품영업', 489, '의료기기영업');
INSERT INTO occupation (
    id, job_group_code, job_group_name,
    job_type_code, job_type_name,
    job_role_code, job_role_name
) VALUES
    (490, 10, '영업', 103, '제품영업', 490, '자동차영업');
INSERT INTO occupation (
    id, job_group_code, job_group_name,
    job_type_code, job_type_name,
    job_role_code, job_role_name
) VALUES
    (491, 10, '영업', 103, '제품영업', 491, '화장품영업');
INSERT INTO occupation (
    id, job_group_code, job_group_name,
    job_type_code, job_type_name,
    job_role_code, job_role_name
) VALUES
    (492, 10, '영업', 103, '제품영업', 492, '제약영업');
INSERT INTO occupation (
    id, job_group_code, job_group_name,
    job_type_code, job_type_name,
    job_role_code, job_role_name
) VALUES
    (493, 10, '영업', 103, '제품영업', 493, '종고차딜러');
INSERT INTO occupation (
    id, job_group_code, job_group_name,
    job_type_code, job_type_name,
    job_role_code, job_role_name
) VALUES
    (494, 10, '영업', 103, '제품영업', 494, '휴대전화영업');
INSERT INTO occupation (
    id, job_group_code, job_group_name,
    job_type_code, job_type_name,
    job_role_code, job_role_name
) VALUES
    (495, 10, '영업', 103, '제품영업', 495, '주류영업');
INSERT INTO occupation (
    id, job_group_code, job_group_name,
    job_type_code, job_type_name,
    job_role_code, job_role_name
) VALUES
    (496, 10, '영업', 104, '서비스영업', 496, '부동산영업');
INSERT INTO occupation (
    id, job_group_code, job_group_name,
    job_type_code, job_type_name,
    job_role_code, job_role_name
) VALUES
    (497, 10, '영업', 104, '서비스영업', 497, '유통영업');
INSERT INTO occupation (
    id, job_group_code, job_group_name,
    job_type_code, job_type_name,
    job_role_code, job_role_name
) VALUES
    (498, 10, '영업', 104, '서비스영업', 498, '납품영업');
INSERT INTO occupation (
    id, job_group_code, job_group_name,
    job_type_code, job_type_name,
    job_role_code, job_role_name
) VALUES
    (499, 10, '영업', 104, '서비스영업', 499, '렌탈영업');
INSERT INTO occupation (
    id, job_group_code, job_group_name,
    job_type_code, job_type_name,
    job_role_code, job_role_name
) VALUES
    (500, 10, '영업', 104, '서비스영업', 500, '상조영업');
INSERT INTO occupation (
    id, job_group_code, job_group_name,
    job_type_code, job_type_name,
    job_role_code, job_role_name
) VALUES
    (501, 10, '영업', 105, '해외영업', 501, '영어');
INSERT INTO occupation (
    id, job_group_code, job_group_name,
    job_type_code, job_type_name,
    job_role_code, job_role_name
) VALUES
    (502, 10, '영업', 105, '해외영업', 502, '해외마케팅');
INSERT INTO occupation (
    id, job_group_code, job_group_name,
    job_type_code, job_type_name,
    job_role_code, job_role_name
) VALUES
    (503, 10, '영업', 105, '해외영업', 503, '바이어개발');
INSERT INTO occupation (
    id, job_group_code, job_group_name,
    job_type_code, job_type_name,
    job_role_code, job_role_name
) VALUES
    (504, 10, '영업', 105, '해외영업', 504, '수출입계약');
INSERT INTO occupation (
    id, job_group_code, job_group_name,
    job_type_code, job_type_name,
    job_role_code, job_role_name
) VALUES
    (505, 10, '영업', 105, '해외영업', 505, '중국어');
INSERT INTO occupation (
    id, job_group_code, job_group_name,
    job_type_code, job_type_name,
    job_role_code, job_role_name
) VALUES
    (506, 10, '영업', 105, '해외영업', 506, '일본어');
INSERT INTO occupation (
    id, job_group_code, job_group_name,
    job_type_code, job_type_name,
    job_role_code, job_role_name
) VALUES
    (507, 10, '영업', 105, '해외영업', 507, '기타외국어');
INSERT INTO occupation (
    id, job_group_code, job_group_name,
    job_type_code, job_type_name,
    job_role_code, job_role_name
) VALUES
    (508, 10, '영업', 106, '광고영업', 508, '온라인영업');
INSERT INTO occupation (
    id, job_group_code, job_group_name,
    job_type_code, job_type_name,
    job_role_code, job_role_name
) VALUES
    (509, 10, '영업', 106, '광고영업', 509, '오프라인영업');
INSERT INTO occupation (
    id, job_group_code, job_group_name,
    job_type_code, job_type_name,
    job_role_code, job_role_name
) VALUES
    (510, 10, '영업', 106, '광고영업', 510, '키워드광고');
INSERT INTO occupation (
    id, job_group_code, job_group_name,
    job_type_code, job_type_name,
    job_role_code, job_role_name
) VALUES
    (511, 10, '영업', 106, '광고영업', 511, '기업홍보');
INSERT INTO occupation (
    id, job_group_code, job_group_name,
    job_type_code, job_type_name,
    job_role_code, job_role_name
) VALUES
    (512, 10, '영업', 106, '광고영업', 512, '프로모션');
INSERT INTO occupation (
    id, job_group_code, job_group_name,
    job_type_code, job_type_name,
    job_role_code, job_role_name
) VALUES
    (513, 10, '영업', 106, '광고영업', 513, '배너광고');
INSERT INTO occupation (
    id, job_group_code, job_group_name,
    job_type_code, job_type_name,
    job_role_code, job_role_name
) VALUES
    (514, 10, '영업', 106, '광고영업', 514, '옥외광고');
INSERT INTO occupation (
    id, job_group_code, job_group_name,
    job_type_code, job_type_name,
    job_role_code, job_role_name
) VALUES
    (515, 10, '영업', 107, '금융영업', 515, '보험영업');
INSERT INTO occupation (
    id, job_group_code, job_group_name,
    job_type_code, job_type_name,
    job_role_code, job_role_name
) VALUES
    (516, 10, '영업', 107, '금융영업', 516, '법인고객영업');
INSERT INTO occupation (
    id, job_group_code, job_group_name,
    job_type_code, job_type_name,
    job_role_code, job_role_name
) VALUES
    (517, 10, '영업', 107, '금융영업', 517, '재무상담');
INSERT INTO occupation (
    id, job_group_code, job_group_name,
    job_type_code, job_type_name,
    job_role_code, job_role_name
) VALUES
    (518, 10, '영업', 107, '금융영업', 518, '자산관리');
INSERT INTO occupation (
    id, job_group_code, job_group_name,
    job_type_code, job_type_name,
    job_role_code, job_role_name
) VALUES
    (519, 10, '영업', 107, '금융영업', 519, '투자상담·자문');
INSERT INTO occupation (
    id, job_group_code, job_group_name,
    job_type_code, job_type_name,
    job_role_code, job_role_name
) VALUES
    (520, 10, '영업', 107, '금융영업', 520, '여신상담');
INSERT INTO occupation (
    id, job_group_code, job_group_name,
    job_type_code, job_type_name,
    job_role_code, job_role_name
) VALUES
    (521, 10, '영업', 107, '금융영업', 521, '카드영업');
INSERT INTO occupation (
    id, job_group_code, job_group_name,
    job_type_code, job_type_name,
    job_role_code, job_role_name
) VALUES
    (522, 10, '영업', 107, '금융영업', 522, '방카슈랑스');
INSERT INTO occupation (
    id, job_group_code, job_group_name,
    job_type_code, job_type_name,
    job_role_code, job_role_name
) VALUES
    (523, 10, '영업', 107, '금융영업', 523, '퇴직연금');
INSERT INTO occupation (
    id, job_group_code, job_group_name,
    job_type_code, job_type_name,
    job_role_code, job_role_name
) VALUES
    (524, 10, '영업', 107, '금융영업', 524, 'PB');
INSERT INTO occupation (
    id, job_group_code, job_group_name,
    job_type_code, job_type_name,
    job_role_code, job_role_name
) VALUES
    (525, 10, '영업', 108, '법인영업', 525, '거래처관리');
INSERT INTO occupation (
    id, job_group_code, job_group_name,
    job_type_code, job_type_name,
    job_role_code, job_role_name
) VALUES
    (526, 10, '영업', 108, '법인영업', 526, '납품영업');
INSERT INTO occupation (
    id, job_group_code, job_group_name,
    job_type_code, job_type_name,
    job_role_code, job_role_name
) VALUES
    (527, 10, '영업', 108, '법인영업', 527, '가맹영업');
INSERT INTO occupation (
    id, job_group_code, job_group_name,
    job_type_code, job_type_name,
    job_role_code, job_role_name
) VALUES
    (528, 10, '영업', 108, '법인영업', 528, '장비영업');
INSERT INTO occupation (
    id, job_group_code, job_group_name,
    job_type_code, job_type_name,
    job_role_code, job_role_name
) VALUES
    (529, 10, '영업', 108, '법인영업', 529, '식품영업');
INSERT INTO occupation (
    id, job_group_code, job_group_name,
    job_type_code, job_type_name,
    job_role_code, job_role_name
) VALUES
    (530, 10, '영업', 108, '법인영업', 530, '제약영업');
INSERT INTO occupation (
    id, job_group_code, job_group_name,
    job_type_code, job_type_name,
    job_role_code, job_role_name
) VALUES
    (531, 10, '영업', 108, '법인영업', 531, '상조영업');
INSERT INTO occupation (
    id, job_group_code, job_group_name,
    job_type_code, job_type_name,
    job_role_code, job_role_name
) VALUES
    (532, 10, '영업', 108, '법인영업', 532, '주류영업');
INSERT INTO occupation (
    id, job_group_code, job_group_name,
    job_type_code, job_type_name,
    job_role_code, job_role_name
) VALUES
    (533, 10, '영업', 109, 'IT·기술영업', 533, '기술영업');
INSERT INTO occupation (
    id, job_group_code, job_group_name,
    job_type_code, job_type_name,
    job_role_code, job_role_name
) VALUES
    (534, 10, '영업', 109, 'IT·기술영업', 534, '솔루션영업');
INSERT INTO occupation (
    id, job_group_code, job_group_name,
    job_type_code, job_type_name,
    job_role_code, job_role_name
) VALUES
    (535, 10, '영업', 109, 'IT·기술영업', 535, '기술지원');
INSERT INTO occupation (
    id, job_group_code, job_group_name,
    job_type_code, job_type_name,
    job_role_code, job_role_name
) VALUES
    (536, 10, '영업', 109, 'IT·기술영업', 536, '시스템영업');
INSERT INTO occupation (
    id, job_group_code, job_group_name,
    job_type_code, job_type_name,
    job_role_code, job_role_name
) VALUES
    (537, 10, '영업', 109, 'IT·기술영업', 537, '네트워크영업');
INSERT INTO occupation (
    id, job_group_code, job_group_name,
    job_type_code, job_type_name,
    job_role_code, job_role_name
) VALUES
    (538, 10, '영업', 109, 'IT·기술영업', 538, '하드웨어영업');
INSERT INTO occupation (
    id, job_group_code, job_group_name,
    job_type_code, job_type_name,
    job_role_code, job_role_name
) VALUES
    (539, 10, '영업', 109, 'IT·기술영업', 539, '반도체영업');
INSERT INTO occupation (
    id, job_group_code, job_group_name,
    job_type_code, job_type_name,
    job_role_code, job_role_name
) VALUES
    (540, 10, '영업', 109, 'IT·기술영업', 540, '웹사이트구축영업');
INSERT INTO occupation (
    id, job_group_code, job_group_name,
    job_type_code, job_type_name,
    job_role_code, job_role_name
) VALUES
    (541, 10, '영업', 110, '영업관리', 541, '거래처관리');
INSERT INTO occupation (
    id, job_group_code, job_group_name,
    job_type_code, job_type_name,
    job_role_code, job_role_name
) VALUES
    (542, 10, '영업', 110, '영업관리', 542, '고객관리');
INSERT INTO occupation (
    id, job_group_code, job_group_name,
    job_type_code, job_type_name,
    job_role_code, job_role_name
) VALUES
    (543, 10, '영업', 110, '영업관리', 543, '거래선개발관리');
INSERT INTO occupation (
    id, job_group_code, job_group_name,
    job_type_code, job_type_name,
    job_role_code, job_role_name
) VALUES
    (544, 10, '영업', 110, '영업관리', 544, '대리점관리');
INSERT INTO occupation (
    id, job_group_code, job_group_name,
    job_type_code, job_type_name,
    job_role_code, job_role_name
) VALUES
    (545, 10, '영업', 110, '영업관리', 545, '가맹점관리');
INSERT INTO occupation (
    id, job_group_code, job_group_name,
    job_type_code, job_type_name,
    job_role_code, job_role_name
) VALUES
    (546, 10, '영업', 111, '영업지원', 546, '매출관리');
INSERT INTO occupation (
    id, job_group_code, job_group_name,
    job_type_code, job_type_name,
    job_role_code, job_role_name
) VALUES
    (547, 10, '영업', 111, '영업지원', 547, '영업기획');
INSERT INTO occupation (
    id, job_group_code, job_group_name,
    job_type_code, job_type_name,
    job_role_code, job_role_name
) VALUES
    (548, 10, '영업', 111, '영업지원', 548, '영업전략');
INSERT INTO occupation (
    id, job_group_code, job_group_name,
    job_type_code, job_type_name,
    job_role_code, job_role_name
) VALUES
    (549, 10, '영업', 111, '영업지원', 549, '데이터분석');
INSERT INTO occupation (
    id, job_group_code, job_group_name,
    job_type_code, job_type_name,
    job_role_code, job_role_name
) VALUES
    (550, 11, '고객상담·TM', 112, '인바운드상담원', 550, '고객지원');
INSERT INTO occupation (
    id, job_group_code, job_group_name,
    job_type_code, job_type_name,
    job_role_code, job_role_name
) VALUES
    (551, 11, '고객상담·TM', 112, '인바운드상담원', 551, '전화상담');
INSERT INTO occupation (
    id, job_group_code, job_group_name,
    job_type_code, job_type_name,
    job_role_code, job_role_name
) VALUES
    (552, 11, '고객상담·TM', 112, '인바운드상담원', 552, '단순안내');
INSERT INTO occupation (
    id, job_group_code, job_group_name,
    job_type_code, job_type_name,
    job_role_code, job_role_name
) VALUES
    (553, 11, '고객상담·TM', 112, '인바운드상담원', 553, '접수·예약');
INSERT INTO occupation (
    id, job_group_code, job_group_name,
    job_type_code, job_type_name,
    job_role_code, job_role_name
) VALUES
    (554, 11, '고객상담·TM', 112, '인바운드상담원', 554, '온라인상담');
INSERT INTO occupation (
    id, job_group_code, job_group_name,
    job_type_code, job_type_name,
    job_role_code, job_role_name
) VALUES
    (555, 11, '고객상담·TM', 112, '인바운드상담원', 555, '게시판관리');
INSERT INTO occupation (
    id, job_group_code, job_group_name,
    job_type_code, job_type_name,
    job_role_code, job_role_name
) VALUES
    (556, 11, '고객상담·TM', 112, '인바운드상담원', 556, '채팅상담');
INSERT INTO occupation (
    id, job_group_code, job_group_name,
    job_type_code, job_type_name,
    job_role_code, job_role_name
) VALUES
    (557, 11, '고객상담·TM', 112, '인바운드상담원', 557, '고객경험관리');
INSERT INTO occupation (
    id, job_group_code, job_group_name,
    job_type_code, job_type_name,
    job_role_code, job_role_name
) VALUES
    (558, 11, '고객상담·TM', 112, '인바운드상담원', 558, '금융상담');
INSERT INTO occupation (
    id, job_group_code, job_group_name,
    job_type_code, job_type_name,
    job_role_code, job_role_name
) VALUES
    (559, 11, '고객상담·TM', 112, '인바운드상담원', 559, 'A·S상담');
INSERT INTO occupation (
    id, job_group_code, job_group_name,
    job_type_code, job_type_name,
    job_role_code, job_role_name
) VALUES
    (560, 11, '고객상담·TM', 112, '인바운드상담원', 560, '이메일상담');
INSERT INTO occupation (
    id, job_group_code, job_group_name,
    job_type_code, job_type_name,
    job_role_code, job_role_name
) VALUES
    (561, 11, '고객상담·TM', 112, '인바운드상담원', 561, '민원상담');
INSERT INTO occupation (
    id, job_group_code, job_group_name,
    job_type_code, job_type_name,
    job_role_code, job_role_name
) VALUES
    (562, 11, '고객상담·TM', 112, '인바운드상담원', 562, '교환·반품');
INSERT INTO occupation (
    id, job_group_code, job_group_name,
    job_type_code, job_type_name,
    job_role_code, job_role_name
) VALUES
    (563, 11, '고객상담·TM', 112, '인바운드상담원', 563, '기술상담');
INSERT INTO occupation (
    id, job_group_code, job_group_name,
    job_type_code, job_type_name,
    job_role_code, job_role_name
) VALUES
    (564, 11, '고객상담·TM', 112, '인바운드상담원', 564, '대출상담');
INSERT INTO occupation (
    id, job_group_code, job_group_name,
    job_type_code, job_type_name,
    job_role_code, job_role_name
) VALUES
    (565, 11, '고객상담·TM', 112, '인바운드상담원', 565, '원격상담');
INSERT INTO occupation (
    id, job_group_code, job_group_name,
    job_type_code, job_type_name,
    job_role_code, job_role_name
) VALUES
    (566, 11, '고객상담·TM', 112, '인바운드상담원', 566, '배송상담');
INSERT INTO occupation (
    id, job_group_code, job_group_name,
    job_type_code, job_type_name,
    job_role_code, job_role_name
) VALUES
    (567, 11, '고객상담·TM', 112, '인바운드상담원', 567, '방문상담');
INSERT INTO occupation (
    id, job_group_code, job_group_name,
    job_type_code, job_type_name,
    job_role_code, job_role_name
) VALUES
    (568, 11, '고객상담·TM', 112, '인바운드상담원', 568, '해지방어');
INSERT INTO occupation (
    id, job_group_code, job_group_name,
    job_type_code, job_type_name,
    job_role_code, job_role_name
) VALUES
    (569, 11, '고객상담·TM', 113, '아웃바운드상담원', 569, '전화상담');
INSERT INTO occupation (
    id, job_group_code, job_group_name,
    job_type_code, job_type_name,
    job_role_code, job_role_name
) VALUES
    (570, 11, '고객상담·TM', 113, '아웃바운드상담원', 570, '텔레마케팅');
INSERT INTO occupation (
    id, job_group_code, job_group_name,
    job_type_code, job_type_name,
    job_role_code, job_role_name
) VALUES
    (571, 11, '고객상담·TM', 113, '아웃바운드상담원', 571, '회원관리');
INSERT INTO occupation (
    id, job_group_code, job_group_name,
    job_type_code, job_type_name,
    job_role_code, job_role_name
) VALUES
    (572, 11, '고객상담·TM', 113, '아웃바운드상담원', 572, '해피콜');
INSERT INTO occupation (
    id, job_group_code, job_group_name,
    job_type_code, job_type_name,
    job_role_code, job_role_name
) VALUES
    (573, 11, '고객상담·TM', 114, '고객센터관리자', 573, '고객문의분석');
INSERT INTO occupation (
    id, job_group_code, job_group_name,
    job_type_code, job_type_name,
    job_role_code, job_role_name
) VALUES
    (574, 11, '고객상담·TM', 114, '고객센터관리자', 574, '고객경험관리');
INSERT INTO occupation (
    id, job_group_code, job_group_name,
    job_type_code, job_type_name,
    job_role_code, job_role_name
) VALUES
    (575, 11, '고객상담·TM', 114, '고객센터관리자', 575, '상담품질관리');
INSERT INTO occupation (
    id, job_group_code, job_group_name,
    job_type_code, job_type_name,
    job_role_code, job_role_name
) VALUES
    (576, 11, '고객상담·TM', 114, '고객센터관리자', 576, 'CS교육');
INSERT INTO occupation (
    id, job_group_code, job_group_name,
    job_type_code, job_type_name,
    job_role_code, job_role_name
) VALUES
    (577, 11, '고객상담·TM', 114, '고객센터관리자', 577, '콜통계분석');
INSERT INTO occupation (
    id, job_group_code, job_group_name,
    job_type_code, job_type_name,
    job_role_code, job_role_name
) VALUES
    (578, 11, '고객상담·TM', 114, '고객센터관리자', 578, '통화품질분석');
INSERT INTO occupation (
    id, job_group_code, job_group_name,
    job_type_code, job_type_name,
    job_role_code, job_role_name
) VALUES
    (579, 12, '금융·보험', 115, '금융사무', 579, '고객관리');
INSERT INTO occupation (
    id, job_group_code, job_group_name,
    job_type_code, job_type_name,
    job_role_code, job_role_name
) VALUES
    (580, 12, '금융·보험', 115, '금융사무', 580, '거래처관리');
INSERT INTO occupation (
    id, job_group_code, job_group_name,
    job_type_code, job_type_name,
    job_role_code, job_role_name
) VALUES
    (581, 12, '금융·보험', 115, '금융사무', 581, '채권');
INSERT INTO occupation (
    id, job_group_code, job_group_name,
    job_type_code, job_type_name,
    job_role_code, job_role_name
) VALUES
    (582, 12, '금융·보험', 115, '금융사무', 582, '입출금관리');
INSERT INTO occupation (
    id, job_group_code, job_group_name,
    job_type_code, job_type_name,
    job_role_code, job_role_name
) VALUES
    (583, 12, '금융·보험', 115, '금융사무', 583, '금융상품기획');
INSERT INTO occupation (
    id, job_group_code, job_group_name,
    job_type_code, job_type_name,
    job_role_code, job_role_name
) VALUES
    (584, 12, '금융·보험', 115, '금융사무', 584, '외환관리');
INSERT INTO occupation (
    id, job_group_code, job_group_name,
    job_type_code, job_type_name,
    job_role_code, job_role_name
) VALUES
    (585, 12, '금융·보험', 115, '금융사무', 585, '퇴직연금');
INSERT INTO occupation (
    id, job_group_code, job_group_name,
    job_type_code, job_type_name,
    job_role_code, job_role_name
) VALUES
    (586, 12, '금융·보험', 116, '보험설계사', 586, '보험영업');
INSERT INTO occupation (
    id, job_group_code, job_group_name,
    job_type_code, job_type_name,
    job_role_code, job_role_name
) VALUES
    (587, 12, '금융·보험', 116, '보험설계사', 587, '보험상담');
INSERT INTO occupation (
    id, job_group_code, job_group_name,
    job_type_code, job_type_name,
    job_role_code, job_role_name
) VALUES
    (588, 12, '금융·보험', 116, '보험설계사', 588, '보험사고');
INSERT INTO occupation (
    id, job_group_code, job_group_name,
    job_type_code, job_type_name,
    job_role_code, job_role_name
) VALUES
    (589, 12, '금융·보험', 117, '손해사정사', 589, '보험청구');
INSERT INTO occupation (
    id, job_group_code, job_group_name,
    job_type_code, job_type_name,
    job_role_code, job_role_name
) VALUES
    (590, 12, '금융·보험', 117, '손해사정사', 590, '손해평가');
INSERT INTO occupation (
    id, job_group_code, job_group_name,
    job_type_code, job_type_name,
    job_role_code, job_role_name
) VALUES
    (591, 12, '금융·보험', 117, '손해사정사', 591, '언더라이팅');
INSERT INTO occupation (
    id, job_group_code, job_group_name,
    job_type_code, job_type_name,
    job_role_code, job_role_name
) VALUES
    (592, 12, '금융·보험', 118, '심사', 592, '채권');
INSERT INTO occupation (
    id, job_group_code, job_group_name,
    job_type_code, job_type_name,
    job_role_code, job_role_name
) VALUES
    (593, 12, '금융·보험', 118, '심사', 593, '대출심사');
INSERT INTO occupation (
    id, job_group_code, job_group_name,
    job_type_code, job_type_name,
    job_role_code, job_role_name
) VALUES
    (594, 12, '금융·보험', 118, '심사', 594, '보상');
INSERT INTO occupation (
    id, job_group_code, job_group_name,
    job_type_code, job_type_name,
    job_role_code, job_role_name
) VALUES
    (595, 12, '금융·보험', 118, '심사', 595, '투자심사');
INSERT INTO occupation (
    id, job_group_code, job_group_name,
    job_type_code, job_type_name,
    job_role_code, job_role_name
) VALUES
    (596, 12, '금융·보험', 118, '심사', 596, '손해평가');
INSERT INTO occupation (
    id, job_group_code, job_group_name,
    job_type_code, job_type_name,
    job_role_code, job_role_name
) VALUES
    (597, 12, '금융·보험', 119, '은행원·텔러', 597, '채권');
INSERT INTO occupation (
    id, job_group_code, job_group_name,
    job_type_code, job_type_name,
    job_role_code, job_role_name
) VALUES
    (598, 12, '금융·보험', 119, '은행원·텔러', 598, '여신상담');
INSERT INTO occupation (
    id, job_group_code, job_group_name,
    job_type_code, job_type_name,
    job_role_code, job_role_name
) VALUES
    (599, 12, '금융·보험', 119, '은행원·텔러', 599, '재무상담');
INSERT INTO occupation (
    id, job_group_code, job_group_name,
    job_type_code, job_type_name,
    job_role_code, job_role_name
) VALUES
    (600, 12, '금융·보험', 119, '은행원·텔러', 600, 'PB');
INSERT INTO occupation (
    id, job_group_code, job_group_name,
    job_type_code, job_type_name,
    job_role_code, job_role_name
) VALUES
    (601, 12, '금융·보험', 119, '은행원·텔러', 601, '방카슈랑스');
INSERT INTO occupation (
    id, job_group_code, job_group_name,
    job_type_code, job_type_name,
    job_role_code, job_role_name
) VALUES
    (602, 12, '금융·보험', 119, '은행원·텔러', 602, '외환관리');
INSERT INTO occupation (
    id, job_group_code, job_group_name,
    job_type_code, job_type_name,
    job_role_code, job_role_name
) VALUES
    (603, 12, '금융·보험', 119, '은행원·텔러', 603, '퇴직연금');
INSERT INTO occupation (
    id, job_group_code, job_group_name,
    job_type_code, job_type_name,
    job_role_code, job_role_name
) VALUES
    (604, 12, '금융·보험', 121, '펀드매니저', 604, '자산운용');
INSERT INTO occupation (
    id, job_group_code, job_group_name,
    job_type_code, job_type_name,
    job_role_code, job_role_name
) VALUES
    (605, 12, '금융·보험', 121, '펀드매니저', 605, '투자상담·자문');
INSERT INTO occupation (
    id, job_group_code, job_group_name,
    job_type_code, job_type_name,
    job_role_code, job_role_name
) VALUES
    (606, 12, '금융·보험', 121, '펀드매니저', 606, '채권');
INSERT INTO occupation (
    id, job_group_code, job_group_name,
    job_type_code, job_type_name,
    job_role_code, job_role_name
) VALUES
    (607, 12, '금융·보험', 121, '펀드매니저', 607, '위험분석·관리');
INSERT INTO occupation (
    id, job_group_code, job_group_name,
    job_type_code, job_type_name,
    job_role_code, job_role_name
) VALUES
    (608, 12, '금융·보험', 122, '애널리스트', 608, '투자상담·자문');
INSERT INTO occupation (
    id, job_group_code, job_group_name,
    job_type_code, job_type_name,
    job_role_code, job_role_name
) VALUES
    (609, 12, '금융·보험', 122, '애널리스트', 609, '위험분석·관리');
INSERT INTO occupation (
    id, job_group_code, job_group_name,
    job_type_code, job_type_name,
    job_role_code, job_role_name
) VALUES
    (610, 12, '금융·보험', 122, '애널리스트', 610, '자산운용');
INSERT INTO occupation (
    id, job_group_code, job_group_name,
    job_type_code, job_type_name,
    job_role_code, job_role_name
) VALUES
    (611, 12, '금융·보험', 122, '애널리스트', 611, '재무분석');
INSERT INTO occupation (
    id, job_group_code, job_group_name,
    job_type_code, job_type_name,
    job_role_code, job_role_name
) VALUES
    (612, 13, '식·음료', 123, '요리사', 612, '양식');
INSERT INTO occupation (
    id, job_group_code, job_group_name,
    job_type_code, job_type_name,
    job_role_code, job_role_name
) VALUES
    (613, 13, '식·음료', 123, '요리사', 613, '한식');
INSERT INTO occupation (
    id, job_group_code, job_group_name,
    job_type_code, job_type_name,
    job_role_code, job_role_name
) VALUES
    (614, 13, '식·음료', 123, '요리사', 614, '일식');
INSERT INTO occupation (
    id, job_group_code, job_group_name,
    job_type_code, job_type_name,
    job_role_code, job_role_name
) VALUES
    (615, 13, '식·음료', 123, '요리사', 615, '메뉴개발');
INSERT INTO occupation (
    id, job_group_code, job_group_name,
    job_type_code, job_type_name,
    job_role_code, job_role_name
) VALUES
    (616, 13, '식·음료', 123, '요리사', 616, '중식');
INSERT INTO occupation (
    id, job_group_code, job_group_name,
    job_type_code, job_type_name,
    job_role_code, job_role_name
) VALUES
    (617, 13, '식·음료', 123, '요리사', 617, '호텔');
INSERT INTO occupation (
    id, job_group_code, job_group_name,
    job_type_code, job_type_name,
    job_role_code, job_role_name
) VALUES
    (618, 13, '식·음료', 124, '조리사', 618, '양식');
INSERT INTO occupation (
    id, job_group_code, job_group_name,
    job_type_code, job_type_name,
    job_role_code, job_role_name
) VALUES
    (619, 13, '식·음료', 124, '조리사', 619, '한식');
INSERT INTO occupation (
    id, job_group_code, job_group_name,
    job_type_code, job_type_name,
    job_role_code, job_role_name
) VALUES
    (620, 13, '식·음료', 124, '조리사', 620, '일식');
INSERT INTO occupation (
    id, job_group_code, job_group_name,
    job_type_code, job_type_name,
    job_role_code, job_role_name
) VALUES
    (621, 13, '식·음료', 124, '조리사', 621, '단체급식');
INSERT INTO occupation (
    id, job_group_code, job_group_name,
    job_type_code, job_type_name,
    job_role_code, job_role_name
) VALUES
    (622, 13, '식·음료', 124, '조리사', 622, '메뉴개발');
INSERT INTO occupation (
    id, job_group_code, job_group_name,
    job_type_code, job_type_name,
    job_role_code, job_role_name
) VALUES
    (623, 13, '식·음료', 124, '조리사', 623, '중식');
INSERT INTO occupation (
    id, job_group_code, job_group_name,
    job_type_code, job_type_name,
    job_role_code, job_role_name
) VALUES
    (624, 13, '식·음료', 124, '조리사', 624, '호텔');
INSERT INTO occupation (
    id, job_group_code, job_group_name,
    job_type_code, job_type_name,
    job_role_code, job_role_name
) VALUES
    (625, 13, '식·음료', 125, '제과제빵사', 625, '베이커리');
INSERT INTO occupation (
    id, job_group_code, job_group_name,
    job_type_code, job_type_name,
    job_role_code, job_role_name
) VALUES
    (626, 13, '식·음료', 125, '제과제빵사', 626, '제빵사');
INSERT INTO occupation (
    id, job_group_code, job_group_name,
    job_type_code, job_type_name,
    job_role_code, job_role_name
) VALUES
    (627, 13, '식·음료', 125, '제과제빵사', 627, '파티쉐');
INSERT INTO occupation (
    id, job_group_code, job_group_name,
    job_type_code, job_type_name,
    job_role_code, job_role_name
) VALUES
    (628, 13, '식·음료', 125, '제과제빵사', 628, '메뉴개발');
INSERT INTO occupation (
    id, job_group_code, job_group_name,
    job_type_code, job_type_name,
    job_role_code, job_role_name
) VALUES
    (629, 13, '식·음료', 126, '바리스타', 629, '베이커리');
INSERT INTO occupation (
    id, job_group_code, job_group_name,
    job_type_code, job_type_name,
    job_role_code, job_role_name
) VALUES
    (630, 13, '식·음료', 126, '바리스타', 630, '메뉴개발');
INSERT INTO occupation (
    id, job_group_code, job_group_name,
    job_type_code, job_type_name,
    job_role_code, job_role_name
) VALUES
    (631, 13, '식·음료', 126, '바리스타', 631, '호텔');
INSERT INTO occupation (
    id, job_group_code, job_group_name,
    job_type_code, job_type_name,
    job_role_code, job_role_name
) VALUES
    (632, 13, '식·음료', 127, '셰프·주방장', 632, '양식');
INSERT INTO occupation (
    id, job_group_code, job_group_name,
    job_type_code, job_type_name,
    job_role_code, job_role_name
) VALUES
    (633, 13, '식·음료', 127, '셰프·주방장', 633, '한식');
INSERT INTO occupation (
    id, job_group_code, job_group_name,
    job_type_code, job_type_name,
    job_role_code, job_role_name
) VALUES
    (634, 13, '식·음료', 127, '셰프·주방장', 634, '메뉴개발');
INSERT INTO occupation (
    id, job_group_code, job_group_name,
    job_type_code, job_type_name,
    job_role_code, job_role_name
) VALUES
    (635, 13, '식·음료', 127, '셰프·주방장', 635, '일식');
INSERT INTO occupation (
    id, job_group_code, job_group_name,
    job_type_code, job_type_name,
    job_role_code, job_role_name
) VALUES
    (636, 13, '식·음료', 127, '셰프·주방장', 636, '호텔');
INSERT INTO occupation (
    id, job_group_code, job_group_name,
    job_type_code, job_type_name,
    job_role_code, job_role_name
) VALUES
    (637, 13, '식·음료', 127, '셰프·주방장', 637, '중식');
INSERT INTO occupation (
    id, job_group_code, job_group_name,
    job_type_code, job_type_name,
    job_role_code, job_role_name
) VALUES
    (638, 13, '식·음료', 127, '셰프·주방장', 638, '단체급식');
INSERT INTO occupation (
    id, job_group_code, job_group_name,
    job_type_code, job_type_name,
    job_role_code, job_role_name
) VALUES
    (639, 13, '식·음료', 128, '카페·레스토랑매니저', 639, '카운터');
INSERT INTO occupation (
    id, job_group_code, job_group_name,
    job_type_code, job_type_name,
    job_role_code, job_role_name
) VALUES
    (640, 13, '식·음료', 128, '카페·레스토랑매니저', 640, '서빙');
INSERT INTO occupation (
    id, job_group_code, job_group_name,
    job_type_code, job_type_name,
    job_role_code, job_role_name
) VALUES
    (641, 13, '식·음료', 128, '카페·레스토랑매니저', 641, '양식');
INSERT INTO occupation (
    id, job_group_code, job_group_name,
    job_type_code, job_type_name,
    job_role_code, job_role_name
) VALUES
    (642, 13, '식·음료', 128, '카페·레스토랑매니저', 642, '베이커리');
INSERT INTO occupation (
    id, job_group_code, job_group_name,
    job_type_code, job_type_name,
    job_role_code, job_role_name
) VALUES
    (643, 13, '식·음료', 128, '카페·레스토랑매니저', 643, '메뉴개발');
INSERT INTO occupation (
    id, job_group_code, job_group_name,
    job_type_code, job_type_name,
    job_role_code, job_role_name
) VALUES
    (644, 13, '식·음료', 128, '카페·레스토랑매니저', 644, '호텔');
INSERT INTO occupation (
    id, job_group_code, job_group_name,
    job_type_code, job_type_name,
    job_role_code, job_role_name
) VALUES
    (645, 13, '식·음료', 128, '카페·레스토랑매니저', 645, '한식');
INSERT INTO occupation (
    id, job_group_code, job_group_name,
    job_type_code, job_type_name,
    job_role_code, job_role_name
) VALUES
    (646, 13, '식·음료', 128, '카페·레스토랑매니저', 646, '일식');
INSERT INTO occupation (
    id, job_group_code, job_group_name,
    job_type_code, job_type_name,
    job_role_code, job_role_name
) VALUES
    (647, 13, '식·음료', 128, '카페·레스토랑매니저', 647, '중식');
INSERT INTO occupation (
    id, job_group_code, job_group_name,
    job_type_code, job_type_name,
    job_role_code, job_role_name
) VALUES
    (648, 13, '식·음료', 129, '홀서버', 648, '서빙');
INSERT INTO occupation (
    id, job_group_code, job_group_name,
    job_type_code, job_type_name,
    job_role_code, job_role_name
) VALUES
    (649, 13, '식·음료', 129, '홀서버', 649, '카운터');
INSERT INTO occupation (
    id, job_group_code, job_group_name,
    job_type_code, job_type_name,
    job_role_code, job_role_name
) VALUES
    (650, 13, '식·음료', 129, '홀서버', 650, '양식');
INSERT INTO occupation (
    id, job_group_code, job_group_name,
    job_type_code, job_type_name,
    job_role_code, job_role_name
) VALUES
    (651, 13, '식·음료', 129, '홀서버', 651, '한식');
INSERT INTO occupation (
    id, job_group_code, job_group_name,
    job_type_code, job_type_name,
    job_role_code, job_role_name
) VALUES
    (652, 13, '식·음료', 129, '홀서버', 652, '호텔');
INSERT INTO occupation (
    id, job_group_code, job_group_name,
    job_type_code, job_type_name,
    job_role_code, job_role_name
) VALUES
    (653, 13, '식·음료', 129, '홀서버', 653, '일식');
INSERT INTO occupation (
    id, job_group_code, job_group_name,
    job_type_code, job_type_name,
    job_role_code, job_role_name
) VALUES
    (654, 13, '식·음료', 129, '홀서버', 654, '중식');
INSERT INTO occupation (
    id, job_group_code, job_group_name,
    job_type_code, job_type_name,
    job_role_code, job_role_name
) VALUES
    (655, 13, '식·음료', 129, '홀서버', 655, '베이커리');
INSERT INTO occupation (
    id, job_group_code, job_group_name,
    job_type_code, job_type_name,
    job_role_code, job_role_name
) VALUES
    (656, 13, '식·음료', 130, '주방보조', 656, '한식');
INSERT INTO occupation (
    id, job_group_code, job_group_name,
    job_type_code, job_type_name,
    job_role_code, job_role_name
) VALUES
    (657, 13, '식·음료', 130, '주방보조', 657, '양식');
INSERT INTO occupation (
    id, job_group_code, job_group_name,
    job_type_code, job_type_name,
    job_role_code, job_role_name
) VALUES
    (658, 13, '식·음료', 130, '주방보조', 658, '일식');
INSERT INTO occupation (
    id, job_group_code, job_group_name,
    job_type_code, job_type_name,
    job_role_code, job_role_name
) VALUES
    (659, 13, '식·음료', 130, '주방보조', 659, '단체급식');
INSERT INTO occupation (
    id, job_group_code, job_group_name,
    job_type_code, job_type_name,
    job_role_code, job_role_name
) VALUES
    (660, 13, '식·음료', 130, '주방보조', 660, '중식');
INSERT INTO occupation (
    id, job_group_code, job_group_name,
    job_type_code, job_type_name,
    job_role_code, job_role_name
) VALUES
    (661, 13, '식·음료', 130, '주방보조', 661, '호텔');
INSERT INTO occupation (
    id, job_group_code, job_group_name,
    job_type_code, job_type_name,
    job_role_code, job_role_name
) VALUES
    (662, 13, '식·음료', 131, '소믈리에·바텐더', 662, '소믈리에');
INSERT INTO occupation (
    id, job_group_code, job_group_name,
    job_type_code, job_type_name,
    job_role_code, job_role_name
) VALUES
    (663, 13, '식·음료', 131, '소믈리에·바텐더', 663, '바텐더');
INSERT INTO occupation (
    id, job_group_code, job_group_name,
    job_type_code, job_type_name,
    job_role_code, job_role_name
) VALUES
    (664, 13, '식·음료', 131, '소믈리에·바텐더', 664, '메뉴개발');
INSERT INTO occupation (
    id, job_group_code, job_group_name,
    job_type_code, job_type_name,
    job_role_code, job_role_name
) VALUES
    (665, 13, '식·음료', 132, '영양사', 665, '단체급식');
INSERT INTO occupation (
    id, job_group_code, job_group_name,
    job_type_code, job_type_name,
    job_role_code, job_role_name
) VALUES
    (666, 13, '식·음료', 132, '영양사', 666, '식단관리');
INSERT INTO occupation (
    id, job_group_code, job_group_name,
    job_type_code, job_type_name,
    job_role_code, job_role_name
) VALUES
    (667, 13, '식·음료', 132, '영양사', 667, '메뉴개발');
INSERT INTO occupation (
    id, job_group_code, job_group_name,
    job_type_code, job_type_name,
    job_role_code, job_role_name
) VALUES
    (668, 14, '고객서비스·리테일', 135, '설치·수리기사', 668, 'A·S수리');
INSERT INTO occupation (
    id, job_group_code, job_group_name,
    job_type_code, job_type_name,
    job_role_code, job_role_name
) VALUES
    (669, 14, '고객서비스·리테일', 135, '설치·수리기사', 669, '유지보수');
INSERT INTO occupation (
    id, job_group_code, job_group_name,
    job_type_code, job_type_name,
    job_role_code, job_role_name
) VALUES
    (670, 14, '고객서비스·리테일', 135, '설치·수리기사', 670, '설치');
INSERT INTO occupation (
    id, job_group_code, job_group_name,
    job_type_code, job_type_name,
    job_role_code, job_role_name
) VALUES
    (671, 14, '고객서비스·리테일', 135, '설치·수리기사', 671, '기술지원');
INSERT INTO occupation (
    id, job_group_code, job_group_name,
    job_type_code, job_type_name,
    job_role_code, job_role_name
) VALUES
    (672, 14, '고객서비스·리테일', 136, '정비기사', 672, '자동차정비');
INSERT INTO occupation (
    id, job_group_code, job_group_name,
    job_type_code, job_type_name,
    job_role_code, job_role_name
) VALUES
    (673, 14, '고객서비스·리테일', 136, '정비기사', 673, 'A·S수리');
INSERT INTO occupation (
    id, job_group_code, job_group_name,
    job_type_code, job_type_name,
    job_role_code, job_role_name
) VALUES
    (674, 14, '고객서비스·리테일', 136, '정비기사', 674, '기술지원');
INSERT INTO occupation (
    id, job_group_code, job_group_name,
    job_type_code, job_type_name,
    job_role_code, job_role_name
) VALUES
    (675, 14, '고객서비스·리테일', 136, '정비기사', 675, '자동차튜닝');
INSERT INTO occupation (
    id, job_group_code, job_group_name,
    job_type_code, job_type_name,
    job_role_code, job_role_name
) VALUES
    (676, 14, '고객서비스·리테일', 136, '정비기사', 676, '썬팅');
INSERT INTO occupation (
    id, job_group_code, job_group_name,
    job_type_code, job_type_name,
    job_role_code, job_role_name
) VALUES
    (677, 14, '고객서비스·리테일', 137, '호텔종사자', 677, '프런트');
INSERT INTO occupation (
    id, job_group_code, job_group_name,
    job_type_code, job_type_name,
    job_role_code, job_role_name
) VALUES
    (678, 14, '고객서비스·리테일', 137, '호텔종사자', 678, '호텔리어');
INSERT INTO occupation (
    id, job_group_code, job_group_name,
    job_type_code, job_type_name,
    job_role_code, job_role_name
) VALUES
    (679, 14, '고객서비스·리테일', 137, '호텔종사자', 679, '호텔사무');
INSERT INTO occupation (
    id, job_group_code, job_group_name,
    job_type_code, job_type_name,
    job_role_code, job_role_name
) VALUES
    (680, 14, '고객서비스·리테일', 137, '호텔종사자', 680, '컨시어지');
INSERT INTO occupation (
    id, job_group_code, job_group_name,
    job_type_code, job_type_name,
    job_role_code, job_role_name
) VALUES
    (681, 14, '고객서비스·리테일', 137, '호텔종사자', 681, '하우스키핑');
INSERT INTO occupation (
    id, job_group_code, job_group_name,
    job_type_code, job_type_name,
    job_role_code, job_role_name
) VALUES
    (682, 14, '고객서비스·리테일', 137, '호텔종사자', 682, '카지노');
INSERT INTO occupation (
    id, job_group_code, job_group_name,
    job_type_code, job_type_name,
    job_role_code, job_role_name
) VALUES
    (683, 14, '고객서비스·리테일', 137, '호텔종사자', 683, '벨맨');
INSERT INTO occupation (
    id, job_group_code, job_group_name,
    job_type_code, job_type_name,
    job_role_code, job_role_name
) VALUES
    (684, 14, '고객서비스·리테일', 138, '여행에이전트', 684, '고객은대');
INSERT INTO occupation (
    id, job_group_code, job_group_name,
    job_type_code, job_type_name,
    job_role_code, job_role_name
) VALUES
    (685, 14, '고객서비스·리테일', 138, '여행에이전트', 685, '여행사무');
INSERT INTO occupation (
    id, job_group_code, job_group_name,
    job_type_code, job_type_name,
    job_role_code, job_role_name
) VALUES
    (686, 14, '고객서비스·리테일', 138, '여행에이전트', 686, '예약·발권');
INSERT INTO occupation (
    id, job_group_code, job_group_name,
    job_type_code, job_type_name,
    job_role_code, job_role_name
) VALUES
    (687, 14, '고객서비스·리테일', 138, '여행에이전트', 687, '고객안내');
INSERT INTO occupation (
    id, job_group_code, job_group_name,
    job_type_code, job_type_name,
    job_role_code, job_role_name
) VALUES
    (688, 14, '고객서비스·리테일', 138, '여행에이전트', 688, '여행상품기획');
INSERT INTO occupation (
    id, job_group_code, job_group_name,
    job_type_code, job_type_name,
    job_role_code, job_role_name
) VALUES
    (689, 14, '고객서비스·리테일', 138, '여행에이전트', 689, '항공사무');
INSERT INTO occupation (
    id, job_group_code, job_group_name,
    job_type_code, job_type_name,
    job_role_code, job_role_name
) VALUES
    (690, 14, '고객서비스·리테일', 138, '여행에이전트', 690, '가이드');
INSERT INTO occupation (
    id, job_group_code, job_group_name,
    job_type_code, job_type_name,
    job_role_code, job_role_name
) VALUES
    (691, 14, '고객서비스·리테일', 139, '매장관리자', 691, '고객응대');
INSERT INTO occupation (
    id, job_group_code, job_group_name,
    job_type_code, job_type_name,
    job_role_code, job_role_name
) VALUES
    (692, 14, '고객서비스·리테일', 139, '매장관리자', 692, '판매관리');
INSERT INTO occupation (
    id, job_group_code, job_group_name,
    job_type_code, job_type_name,
    job_role_code, job_role_name
) VALUES
    (693, 14, '고객서비스·리테일', 139, '매장관리자', 693, '재고관리');
INSERT INTO occupation (
    id, job_group_code, job_group_name,
    job_type_code, job_type_name,
    job_role_code, job_role_name
) VALUES
    (694, 14, '고객서비스·리테일', 139, '매장관리자', 694, '매출관리');
INSERT INTO occupation (
    id, job_group_code, job_group_name,
    job_type_code, job_type_name,
    job_role_code, job_role_name
) VALUES
    (695, 14, '고객서비스·리테일', 139, '매장관리자', 695, '판매영업');
INSERT INTO occupation (
    id, job_group_code, job_group_name,
    job_type_code, job_type_name,
    job_role_code, job_role_name
) VALUES
    (696, 14, '고객서비스·리테일', 139, '매장관리자', 696, '고객안내');
INSERT INTO occupation (
    id, job_group_code, job_group_name,
    job_type_code, job_type_name,
    job_role_code, job_role_name
) VALUES
    (697, 14, '고객서비스·리테일', 139, '매장관리자', 697, '잡화판매');
INSERT INTO occupation (
    id, job_group_code, job_group_name,
    job_type_code, job_type_name,
    job_role_code, job_role_name
) VALUES
    (698, 14, '고객서비스·리테일', 139, '매장관리자', 698, '진열관리');
INSERT INTO occupation (
    id, job_group_code, job_group_name,
    job_type_code, job_type_name,
    job_role_code, job_role_name
) VALUES
    (699, 14, '고객서비스·리테일', 139, '매장관리자', 699, '의류판매');
INSERT INTO occupation (
    id, job_group_code, job_group_name,
    job_type_code, job_type_name,
    job_role_code, job_role_name
) VALUES
    (700, 14, '고객서비스·리테일', 139, '매장관리자', 700, '샵마스터');
INSERT INTO occupation (
    id, job_group_code, job_group_name,
    job_type_code, job_type_name,
    job_role_code, job_role_name
) VALUES
    (701, 14, '고객서비스·리테일', 139, '매장관리자', 701, '캐셔');
INSERT INTO occupation (
    id, job_group_code, job_group_name,
    job_type_code, job_type_name,
    job_role_code, job_role_name
) VALUES
    (702, 14, '고객서비스·리테일', 139, '매장관리자', 702, '식품만매');
INSERT INTO occupation (
    id, job_group_code, job_group_name,
    job_type_code, job_type_name,
    job_role_code, job_role_name
) VALUES
    (703, 14, '고객서비스·리테일', 139, '매장관리자', 703, '화장품판매');
INSERT INTO occupation (
    id, job_group_code, job_group_name,
    job_type_code, job_type_name,
    job_role_code, job_role_name
) VALUES
    (704, 14, '고객서비스·리테일', 139, '매장관리자', 704, '가구판매');
INSERT INTO occupation (
    id, job_group_code, job_group_name,
    job_type_code, job_type_name,
    job_role_code, job_role_name
) VALUES
    (705, 14, '고객서비스·리테일', 139, '매장관리자', 705, '가전판매');
INSERT INTO occupation (
    id, job_group_code, job_group_name,
    job_type_code, job_type_name,
    job_role_code, job_role_name
) VALUES
    (706, 14, '고객서비스·리테일', 139, '매장관리자', 706, 'VMD');
INSERT INTO occupation (
    id, job_group_code, job_group_name,
    job_type_code, job_type_name,
    job_role_code, job_role_name
) VALUES
    (707, 14, '고객서비스·리테일', 139, '매장관리자', 707, '방문판매');
INSERT INTO occupation (
    id, job_group_code, job_group_name,
    job_type_code, job_type_name,
    job_role_code, job_role_name
) VALUES
    (708, 14, '고객서비스·리테일', 139, '매장관리자', 708, '컴퓨터기기판매');
INSERT INTO occupation (
    id, job_group_code, job_group_name,
    job_type_code, job_type_name,
    job_role_code, job_role_name
) VALUES
    (709, 14, '고객서비스·리테일', 140, '뷰티·미용사', 709, '피부관리');
INSERT INTO occupation (
    id, job_group_code, job_group_name,
    job_type_code, job_type_name,
    job_role_code, job_role_name
) VALUES
    (710, 14, '고객서비스·리테일', 140, '뷰티·미용사', 710, '체형관리');
INSERT INTO occupation (
    id, job_group_code, job_group_name,
    job_type_code, job_type_name,
    job_role_code, job_role_name
) VALUES
    (711, 14, '고객서비스·리테일', 140, '뷰티·미용사', 711, '마사지');
INSERT INTO occupation (
    id, job_group_code, job_group_name,
    job_type_code, job_type_name,
    job_role_code, job_role_name
) VALUES
    (712, 14, '고객서비스·리테일', 140, '뷰티·미용사', 712, '메이크업');
INSERT INTO occupation (
    id, job_group_code, job_group_name,
    job_type_code, job_type_name,
    job_role_code, job_role_name
) VALUES
    (713, 14, '고객서비스·리테일', 140, '뷰티·미용사', 713, '헤어디자인');
INSERT INTO occupation (
    id, job_group_code, job_group_name,
    job_type_code, job_type_name,
    job_role_code, job_role_name
) VALUES
    (714, 14, '고객서비스·리테일', 140, '뷰티·미용사', 714, '네일아트');
INSERT INTO occupation (
    id, job_group_code, job_group_name,
    job_type_code, job_type_name,
    job_role_code, job_role_name
) VALUES
    (715, 14, '고객서비스·리테일', 141, '애견미용·훈련', 715, '애견관리');
INSERT INTO occupation (
    id, job_group_code, job_group_name,
    job_type_code, job_type_name,
    job_role_code, job_role_name
) VALUES
    (716, 14, '고객서비스·리테일', 141, '애견미용·훈련', 716, '애견훈련');
INSERT INTO occupation (
    id, job_group_code, job_group_name,
    job_type_code, job_type_name,
    job_role_code, job_role_name
) VALUES
    (717, 14, '고객서비스·리테일', 141, '애견미용·훈련', 717, '애견미용');
INSERT INTO occupation (
    id, job_group_code, job_group_name,
    job_type_code, job_type_name,
    job_role_code, job_role_name
) VALUES
    (718, 14, '고객서비스·리테일', 142, '안내데스크·리셉셔니스트', 718, '고객응대');
INSERT INTO occupation (
    id, job_group_code, job_group_name,
    job_type_code, job_type_name,
    job_role_code, job_role_name
) VALUES
    (719, 14, '고객서비스·리테일', 142, '안내데스크·리셉셔니스트', 719, '고객안내');
INSERT INTO occupation (
    id, job_group_code, job_group_name,
    job_type_code, job_type_name,
    job_role_code, job_role_name
) VALUES
    (720, 14, '고객서비스·리테일', 142, '안내데스크·리셉셔니스트', 720, '프런트');
INSERT INTO occupation (
    id, job_group_code, job_group_name,
    job_type_code, job_type_name,
    job_role_code, job_role_name
) VALUES
    (721, 14, '고객서비스·리테일', 142, '안내데스크·리셉셔니스트', 721, '컨시어지');
INSERT INTO occupation (
    id, job_group_code, job_group_name,
    job_type_code, job_type_name,
    job_role_code, job_role_name
) VALUES
    (722, 14, '고객서비스·리테일', 143, '경호·경비', 722, '보안');
INSERT INTO occupation (
    id, job_group_code, job_group_name,
    job_type_code, job_type_name,
    job_role_code, job_role_name
) VALUES
    (723, 14, '고객서비스·리테일', 143, '경호·경비', 723, '경비');
INSERT INTO occupation (
    id, job_group_code, job_group_name,
    job_type_code, job_type_name,
    job_role_code, job_role_name
) VALUES
    (724, 14, '고객서비스·리테일', 143, '경호·경비', 724, '순찰');
INSERT INTO occupation (
    id, job_group_code, job_group_name,
    job_type_code, job_type_name,
    job_role_code, job_role_name
) VALUES
    (725, 14, '고객서비스·리테일', 143, '경호·경비', 725, '경호');
INSERT INTO occupation (
    id, job_group_code, job_group_name,
    job_type_code, job_type_name,
    job_role_code, job_role_name
) VALUES
    (726, 14, '고객서비스·리테일', 143, '경호·경비', 726, '안전요원');
INSERT INTO occupation (
    id, job_group_code, job_group_name,
    job_type_code, job_type_name,
    job_role_code, job_role_name
) VALUES
    (727, 14, '고객서비스·리테일', 143, '경호·경비', 727, '방범');
INSERT INTO occupation (
    id, job_group_code, job_group_name,
    job_type_code, job_type_name,
    job_role_code, job_role_name
) VALUES
    (728, 14, '고객서비스·리테일', 143, '경호·경비', 728, '현금호송');
INSERT INTO occupation (
    id, job_group_code, job_group_name,
    job_type_code, job_type_name,
    job_role_code, job_role_name
) VALUES
    (729, 14, '고객서비스·리테일', 143, '경호·경비', 729, '교통관제');
INSERT INTO occupation (
    id, job_group_code, job_group_name,
    job_type_code, job_type_name,
    job_role_code, job_role_name
) VALUES
    (730, 14, '고객서비스·리테일', 144, '운영보조·매니저', 730, '고객응대');
INSERT INTO occupation (
    id, job_group_code, job_group_name,
    job_type_code, job_type_name,
    job_role_code, job_role_name
) VALUES
    (731, 14, '고객서비스·리테일', 144, '운영보조·매니저', 731, '고객안내');
INSERT INTO occupation (
    id, job_group_code, job_group_name,
    job_type_code, job_type_name,
    job_role_code, job_role_name
) VALUES
    (732, 14, '고객서비스·리테일', 144, '운영보조·매니저', 732, '골프');
INSERT INTO occupation (
    id, job_group_code, job_group_name,
    job_type_code, job_type_name,
    job_role_code, job_role_name
) VALUES
    (733, 14, '고객서비스·리테일', 144, '운영보조·매니저', 733, '이벤트');
INSERT INTO occupation (
    id, job_group_code, job_group_name,
    job_type_code, job_type_name,
    job_role_code, job_role_name
) VALUES
    (734, 14, '고객서비스·리테일', 144, '운영보조·매니저', 734, '프로모터');
INSERT INTO occupation (
    id, job_group_code, job_group_name,
    job_type_code, job_type_name,
    job_role_code, job_role_name
) VALUES
    (735, 14, '고객서비스·리테일', 144, '운영보조·매니저', 735, '웨딩');
INSERT INTO occupation (
    id, job_group_code, job_group_name,
    job_type_code, job_type_name,
    job_role_code, job_role_name
) VALUES
    (736, 14, '고객서비스·리테일', 144, '운영보조·매니저', 736, '나레이터');
INSERT INTO occupation (
    id, job_group_code, job_group_name,
    job_type_code, job_type_name,
    job_role_code, job_role_name
) VALUES
    (737, 14, '고객서비스·리테일', 145, '이벤트·웨딩플래너', 737, '웨딩');
INSERT INTO occupation (
    id, job_group_code, job_group_name,
    job_type_code, job_type_name,
    job_role_code, job_role_name
) VALUES
    (738, 14, '고객서비스·리테일', 145, '이벤트·웨딩플래너', 738, '이벤트');
INSERT INTO occupation (
    id, job_group_code, job_group_name,
    job_type_code, job_type_name,
    job_role_code, job_role_name
) VALUES
    (739, 14, '고객서비스·리테일', 145, '이벤트·웨딩플래너', 739, '커플매니저');
INSERT INTO occupation (
    id, job_group_code, job_group_name,
    job_type_code, job_type_name,
    job_role_code, job_role_name
) VALUES
    (740, 14, '고객서비스·리테일', 146, '주차·주유원', 740, '주차관리');
INSERT INTO occupation (
    id, job_group_code, job_group_name,
    job_type_code, job_type_name,
    job_role_code, job_role_name
) VALUES
    (741, 14, '고객서비스·리테일', 146, '주차·주유원', 741, '세차');
INSERT INTO occupation (
    id, job_group_code, job_group_name,
    job_type_code, job_type_name,
    job_role_code, job_role_name
) VALUES
    (742, 14, '고객서비스·리테일', 146, '주차·주유원', 742, '발레파킹');
INSERT INTO occupation (
    id, job_group_code, job_group_name,
    job_type_code, job_type_name,
    job_role_code, job_role_name
) VALUES
    (743, 14, '고객서비스·리테일', 146, '주차·주유원', 743, '주차정산');
INSERT INTO occupation (
    id, job_group_code, job_group_name,
    job_type_code, job_type_name,
    job_role_code, job_role_name
) VALUES
    (744, 14, '고객서비스·리테일', 146, '주차·주유원', 744, '주유');
INSERT INTO occupation (
    id, job_group_code, job_group_name,
    job_type_code, job_type_name,
    job_role_code, job_role_name
) VALUES
    (745, 14, '고객서비스·리테일', 147, '스타일리스트', 745, '헤어디자인');
INSERT INTO occupation (
    id, job_group_code, job_group_name,
    job_type_code, job_type_name,
    job_role_code, job_role_name
) VALUES
    (746, 14, '고객서비스·리테일', 147, '스타일리스트', 746, '메이크업');
INSERT INTO occupation (
    id, job_group_code, job_group_name,
    job_type_code, job_type_name,
    job_role_code, job_role_name
) VALUES
    (747, 14, '고객서비스·리테일', 147, '스타일리스트', 747, '브랜드디자인');
INSERT INTO occupation (
    id, job_group_code, job_group_name,
    job_type_code, job_type_name,
    job_role_code, job_role_name
) VALUES
    (748, 14, '고객서비스·리테일', 149, '가사도우미', 748, '산후조리');
INSERT INTO occupation (
    id, job_group_code, job_group_name,
    job_type_code, job_type_name,
    job_role_code, job_role_name
) VALUES
    (749, 14, '고객서비스·리테일', 149, '가사도우미', 749, '육아도우미');
INSERT INTO occupation (
    id, job_group_code, job_group_name,
    job_type_code, job_type_name,
    job_role_code, job_role_name
) VALUES
    (750, 14, '고객서비스·리테일', 149, '가사도우미', 750, '입주도우미');
INSERT INTO occupation (
    id, job_group_code, job_group_name,
    job_type_code, job_type_name,
    job_role_code, job_role_name
) VALUES
    (751, 14, '고객서비스·리테일', 150, '승무원', 751, '공항지상직');
INSERT INTO occupation (
    id, job_group_code, job_group_name,
    job_type_code, job_type_name,
    job_role_code, job_role_name
) VALUES
    (752, 14, '고객서비스·리테일', 150, '승무원', 752, '고객응대');
INSERT INTO occupation (
    id, job_group_code, job_group_name,
    job_type_code, job_type_name,
    job_role_code, job_role_name
) VALUES
    (753, 14, '고객서비스·리테일', 150, '승무원', 753, '고객안내');
INSERT INTO occupation (
    id, job_group_code, job_group_name,
    job_type_code, job_type_name,
    job_role_code, job_role_name
) VALUES
    (754, 14, '고객서비스·리테일', 150, '승무원', 754, '예약·발권');
INSERT INTO occupation (
    id, job_group_code, job_group_name,
    job_type_code, job_type_name,
    job_role_code, job_role_name
) VALUES
    (755, 15, '엔지니어링·설계', 152, '전기·전자엔지니어', 755, '회로설계');
INSERT INTO occupation (
    id, job_group_code, job_group_name,
    job_type_code, job_type_name,
    job_role_code, job_role_name
) VALUES
    (756, 15, '엔지니어링·설계', 152, '전기·전자엔지니어', 756, '자동제어');
INSERT INTO occupation (
    id, job_group_code, job_group_name,
    job_type_code, job_type_name,
    job_role_code, job_role_name
) VALUES
    (757, 15, '엔지니어링·설계', 152, '전기·전자엔지니어', 757, 'PLC');
INSERT INTO occupation (
    id, job_group_code, job_group_name,
    job_type_code, job_type_name,
    job_role_code, job_role_name
) VALUES
    (758, 15, '엔지니어링·설계', 152, '전기·전자엔지니어', 758, '펌웨어');
INSERT INTO occupation (
    id, job_group_code, job_group_name,
    job_type_code, job_type_name,
    job_role_code, job_role_name
) VALUES
    (759, 15, '엔지니어링·설계', 152, '전기·전자엔지니어', 759, 'PCB');
INSERT INTO occupation (
    id, job_group_code, job_group_name,
    job_type_code, job_type_name,
    job_role_code, job_role_name
) VALUES
    (760, 15, '엔지니어링·설계', 152, '전기·전자엔지니어', 760, '임베디드');
INSERT INTO occupation (
    id, job_group_code, job_group_name,
    job_type_code, job_type_name,
    job_role_code, job_role_name
) VALUES
    (761, 15, '엔지니어링·설계', 152, '전기·전자엔지니어', 761, '메카트로닉스');
INSERT INTO occupation (
    id, job_group_code, job_group_name,
    job_type_code, job_type_name,
    job_role_code, job_role_name
) VALUES
    (762, 15, '엔지니어링·설계', 153, '기계엔지니어', 762, '제어·설계');
INSERT INTO occupation (
    id, job_group_code, job_group_name,
    job_type_code, job_type_name,
    job_role_code, job_role_name
) VALUES
    (763, 15, '엔지니어링·설계', 153, '기계엔지니어', 763, '생산기술');
INSERT INTO occupation (
    id, job_group_code, job_group_name,
    job_type_code, job_type_name,
    job_role_code, job_role_name
) VALUES
    (764, 15, '엔지니어링·설계', 153, '기계엔지니어', 764, '기계조작');
INSERT INTO occupation (
    id, job_group_code, job_group_name,
    job_type_code, job_type_name,
    job_role_code, job_role_name
) VALUES
    (765, 15, '엔지니어링·설계', 153, '기계엔지니어', 765, '제품개발');
INSERT INTO occupation (
    id, job_group_code, job_group_name,
    job_type_code, job_type_name,
    job_role_code, job_role_name
) VALUES
    (766, 15, '엔지니어링·설계', 153, '기계엔지니어', 766, '캐드원');
INSERT INTO occupation (
    id, job_group_code, job_group_name,
    job_type_code, job_type_name,
    job_role_code, job_role_name
) VALUES
    (767, 15, '엔지니어링·설계', 153, '기계엔지니어', 767, '자동차');
INSERT INTO occupation (
    id, job_group_code, job_group_name,
    job_type_code, job_type_name,
    job_role_code, job_role_name
) VALUES
    (768, 15, '엔지니어링·설계', 153, '기계엔지니어', 768, '메카트로닉스');
INSERT INTO occupation (
    id, job_group_code, job_group_name,
    job_type_code, job_type_name,
    job_role_code, job_role_name
) VALUES
    (769, 15, '엔지니어링·설계', 153, '기계엔지니어', 769, '금속');
INSERT INTO occupation (
    id, job_group_code, job_group_name,
    job_type_code, job_type_name,
    job_role_code, job_role_name
) VALUES
    (770, 15, '엔지니어링·설계', 153, '기계엔지니어', 770, '플랜트');
INSERT INTO occupation (
    id, job_group_code, job_group_name,
    job_type_code, job_type_name,
    job_role_code, job_role_name
) VALUES
    (771, 15, '엔지니어링·설계', 153, '기계엔지니어', 771, 'CAM');
INSERT INTO occupation (
    id, job_group_code, job_group_name,
    job_type_code, job_type_name,
    job_role_code, job_role_name
) VALUES
    (772, 15, '엔지니어링·설계', 153, '기계엔지니어', 772, '로봇설계');
INSERT INTO occupation (
    id, job_group_code, job_group_name,
    job_type_code, job_type_name,
    job_role_code, job_role_name
) VALUES
    (773, 15, '엔지니어링·설계', 153, '기계엔지니어', 773, '조선');
INSERT INTO occupation (
    id, job_group_code, job_group_name,
    job_type_code, job_type_name,
    job_role_code, job_role_name
) VALUES
    (774, 15, '엔지니어링·설계', 153, '기계엔지니어', 774, '무인항공기·드론');
INSERT INTO occupation (
    id, job_group_code, job_group_name,
    job_type_code, job_type_name,
    job_role_code, job_role_name
) VALUES
    (775, 15, '엔지니어링·설계', 153, '기계엔지니어', 775, '철강');
INSERT INTO occupation (
    id, job_group_code, job_group_name,
    job_type_code, job_type_name,
    job_role_code, job_role_name
) VALUES
    (776, 15, '엔지니어링·설계', 154, '설계엔지니어', 776, '기구설계');
INSERT INTO occupation (
    id, job_group_code, job_group_name,
    job_type_code, job_type_name,
    job_role_code, job_role_name
) VALUES
    (777, 15, '엔지니어링·설계', 154, '설계엔지니어', 777, '3D설계');
INSERT INTO occupation (
    id, job_group_code, job_group_name,
    job_type_code, job_type_name,
    job_role_code, job_role_name
) VALUES
    (778, 15, '엔지니어링·설계', 154, '설계엔지니어', 778, '2D설계');
INSERT INTO occupation (
    id, job_group_code, job_group_name,
    job_type_code, job_type_name,
    job_role_code, job_role_name
) VALUES
    (779, 15, '엔지니어링·설계', 154, '설계엔지니어', 779, '전기설계');
INSERT INTO occupation (
    id, job_group_code, job_group_name,
    job_type_code, job_type_name,
    job_role_code, job_role_name
) VALUES
    (780, 15, '엔지니어링·설계', 154, '설계엔지니어', 780, '건축설계');
INSERT INTO occupation (
    id, job_group_code, job_group_name,
    job_type_code, job_type_name,
    job_role_code, job_role_name
) VALUES
    (781, 15, '엔지니어링·설계', 154, '설계엔지니어', 781, '금형설계');
INSERT INTO occupation (
    id, job_group_code, job_group_name,
    job_type_code, job_type_name,
    job_role_code, job_role_name
) VALUES
    (782, 15, '엔지니어링·설계', 154, '설계엔지니어', 782, '회로설계');
INSERT INTO occupation (
    id, job_group_code, job_group_name,
    job_type_code, job_type_name,
    job_role_code, job_role_name
) VALUES
    (783, 15, '엔지니어링·설계', 154, '설계엔지니어', 783, 'CAM');
INSERT INTO occupation (
    id, job_group_code, job_group_name,
    job_type_code, job_type_name,
    job_role_code, job_role_name
) VALUES
    (784, 15, '엔지니어링·설계', 154, '설계엔지니어', 784, '토목설계');
INSERT INTO occupation (
    id, job_group_code, job_group_name,
    job_type_code, job_type_name,
    job_role_code, job_role_name
) VALUES
    (785, 15, '엔지니어링·설계', 154, '설계엔지니어', 785, '로봇설계');
INSERT INTO occupation (
    id, job_group_code, job_group_name,
    job_type_code, job_type_name,
    job_role_code, job_role_name
) VALUES
    (786, 15, '엔지니어링·설계', 155, '설비엔지니어', 786, '유지보수');
INSERT INTO occupation (
    id, job_group_code, job_group_name,
    job_type_code, job_type_name,
    job_role_code, job_role_name
) VALUES
    (787, 15, '엔지니어링·설계', 155, '설비엔지니어', 787, '정보통신');
INSERT INTO occupation (
    id, job_group_code, job_group_name,
    job_type_code, job_type_name,
    job_role_code, job_role_name
) VALUES
    (788, 15, '엔지니어링·설계', 155, '설비엔지니어', 788, '통신설비');
INSERT INTO occupation (
    id, job_group_code, job_group_name,
    job_type_code, job_type_name,
    job_role_code, job_role_name
) VALUES
    (789, 15, '엔지니어링·설계', 156, '반도체엔지니어', 789, '디스플레이');
INSERT INTO occupation (
    id, job_group_code, job_group_name,
    job_type_code, job_type_name,
    job_role_code, job_role_name
) VALUES
    (790, 15, '엔지니어링·설계', 156, '반도체엔지니어', 790, '제어·설계');
INSERT INTO occupation (
    id, job_group_code, job_group_name,
    job_type_code, job_type_name,
    job_role_code, job_role_name
) VALUES
    (791, 15, '엔지니어링·설계', 156, '반도체엔지니어', 791, '회로설계');
INSERT INTO occupation (
    id, job_group_code, job_group_name,
    job_type_code, job_type_name,
    job_role_code, job_role_name
) VALUES
    (792, 15, '엔지니어링·설계', 156, '반도체엔지니어', 792, '생산기술');
INSERT INTO occupation (
    id, job_group_code, job_group_name,
    job_type_code, job_type_name,
    job_role_code, job_role_name
) VALUES
    (793, 15, '엔지니어링·설계', 156, '반도체엔지니어', 793, '제품개발');
INSERT INTO occupation (
    id, job_group_code, job_group_name,
    job_type_code, job_type_name,
    job_role_code, job_role_name
) VALUES
    (794, 15, '엔지니어링·설계', 156, '반도체엔지니어', 794, 'PCB');
INSERT INTO occupation (
    id, job_group_code, job_group_name,
    job_type_code, job_type_name,
    job_role_code, job_role_name
) VALUES
    (795, 15, '엔지니어링·설계', 156, '반도체엔지니어', 795, '자동화라인');
INSERT INTO occupation (
    id, job_group_code, job_group_name,
    job_type_code, job_type_name,
    job_role_code, job_role_name
) VALUES
    (796, 15, '엔지니어링·설계', 156, '반도체엔지니어', 796, 'LED·OLED');
INSERT INTO occupation (
    id, job_group_code, job_group_name,
    job_type_code, job_type_name,
    job_role_code, job_role_name
) VALUES
    (797, 15, '엔지니어링·설계', 156, '반도체엔지니어', 797, 'LCD');
INSERT INTO occupation (
    id, job_group_code, job_group_name,
    job_type_code, job_type_name,
    job_role_code, job_role_name
) VALUES
    (798, 15, '엔지니어링·설계', 156, '반도체엔지니어', 798, '정보통신');
INSERT INTO occupation (
    id, job_group_code, job_group_name,
    job_type_code, job_type_name,
    job_role_code, job_role_name
) VALUES
    (799, 15, '엔지니어링·설계', 156, '반도체엔지니어', 799, '터치스크린');
INSERT INTO occupation (
    id, job_group_code, job_group_name,
    job_type_code, job_type_name,
    job_role_code, job_role_name
) VALUES
    (800, 15, '엔지니어링·설계', 156, '반도체엔지니어', 800, '신소재');
INSERT INTO occupation (
    id, job_group_code, job_group_name,
    job_type_code, job_type_name,
    job_role_code, job_role_name
) VALUES
    (801, 15, '엔지니어링·설계', 157, '화학엔지니어', 801, '제품개발');
INSERT INTO occupation (
    id, job_group_code, job_group_name,
    job_type_code, job_type_name,
    job_role_code, job_role_name
) VALUES
    (802, 15, '엔지니어링·설계', 157, '화학엔지니어', 802, '화장품');
INSERT INTO occupation (
    id, job_group_code, job_group_name,
    job_type_code, job_type_name,
    job_role_code, job_role_name
) VALUES
    (803, 15, '엔지니어링·설계', 157, '화학엔지니어', 803, '에너지');
INSERT INTO occupation (
    id, job_group_code, job_group_name,
    job_type_code, job_type_name,
    job_role_code, job_role_name
) VALUES
    (804, 15, '엔지니어링·설계', 157, '화학엔지니어', 804, '플라스틱·PVC');
INSERT INTO occupation (
    id, job_group_code, job_group_name,
    job_type_code, job_type_name,
    job_role_code, job_role_name
) VALUES
    (805, 15, '엔지니어링·설계', 157, '화학엔지니어', 805, '생명공학');
INSERT INTO occupation (
    id, job_group_code, job_group_name,
    job_type_code, job_type_name,
    job_role_code, job_role_name
) VALUES
    (806, 15, '엔지니어링·설계', 158, '공정엔지니어', 806, '공정개발');
INSERT INTO occupation (
    id, job_group_code, job_group_name,
    job_type_code, job_type_name,
    job_role_code, job_role_name
) VALUES
    (807, 15, '엔지니어링·설계', 158, '공정엔지니어', 807, '자동화라인');
INSERT INTO occupation (
    id, job_group_code, job_group_name,
    job_type_code, job_type_name,
    job_role_code, job_role_name
) VALUES
    (808, 15, '엔지니어링·설계', 158, '공정엔지니어', 808, '품질테스트');
INSERT INTO occupation (
    id, job_group_code, job_group_name,
    job_type_code, job_type_name,
    job_role_code, job_role_name
) VALUES
    (809, 15, '엔지니어링·설계', 158, '공정엔지니어', 809, '자동제어');
INSERT INTO occupation (
    id, job_group_code, job_group_name,
    job_type_code, job_type_name,
    job_role_code, job_role_name
) VALUES
    (810, 15, '엔지니어링·설계', 159, '하드웨어엔지니어', 810, '회로설계');
INSERT INTO occupation (
    id, job_group_code, job_group_name,
    job_type_code, job_type_name,
    job_role_code, job_role_name
) VALUES
    (811, 15, '엔지니어링·설계', 159, '하드웨어엔지니어', 811, '펌웨어');
INSERT INTO occupation (
    id, job_group_code, job_group_name,
    job_type_code, job_type_name,
    job_role_code, job_role_name
) VALUES
    (812, 15, '엔지니어링·설계', 159, '하드웨어엔지니어', 812, '임베디드');
INSERT INTO occupation (
    id, job_group_code, job_group_name,
    job_type_code, job_type_name,
    job_role_code, job_role_name
) VALUES
    (813, 15, '엔지니어링·설계', 159, '하드웨어엔지니어', 813, 'PCB');
INSERT INTO occupation (
    id, job_group_code, job_group_name,
    job_type_code, job_type_name,
    job_role_code, job_role_name
) VALUES
    (814, 15, '엔지니어링·설계', 160, '통신엔지니어', 814, '정보통신');
INSERT INTO occupation (
    id, job_group_code, job_group_name,
    job_type_code, job_type_name,
    job_role_code, job_role_name
) VALUES
    (815, 15, '엔지니어링·설계', 160, '통신엔지니어', 815, '무선통신');
INSERT INTO occupation (
    id, job_group_code, job_group_name,
    job_type_code, job_type_name,
    job_role_code, job_role_name
) VALUES
    (816, 15, '엔지니어링·설계', 160, '통신엔지니어', 816, '전자통신');
INSERT INTO occupation (
    id, job_group_code, job_group_name,
    job_type_code, job_type_name,
    job_role_code, job_role_name
) VALUES
    (817, 15, '엔지니어링·설계', 160, '통신엔지니어', 817, 'CCTV');
INSERT INTO occupation (
    id, job_group_code, job_group_name,
    job_type_code, job_type_name,
    job_role_code, job_role_name
) VALUES
    (818, 15, '엔지니어링·설계', 160, '통신엔지니어', 818, '이동통신');
INSERT INTO occupation (
    id, job_group_code, job_group_name,
    job_type_code, job_type_name,
    job_role_code, job_role_name
) VALUES
    (819, 15, '엔지니어링·설계', 160, '통신엔지니어', 819, '광통신');
INSERT INTO occupation (
    id, job_group_code, job_group_name,
    job_type_code, job_type_name,
    job_role_code, job_role_name
) VALUES
    (820, 15, '엔지니어링·설계', 160, '통신엔지니어', 820, '회로설계');
INSERT INTO occupation (
    id, job_group_code, job_group_name,
    job_type_code, job_type_name,
    job_role_code, job_role_name
) VALUES
    (821, 15, '엔지니어링·설계', 160, '통신엔지니어', 821, '위성통신');
INSERT INTO occupation (
    id, job_group_code, job_group_name,
    job_type_code, job_type_name,
    job_role_code, job_role_name
) VALUES
    (822, 15, '엔지니어링·설계', 161, 'RF엔지니어', 822, '무선통신');
INSERT INTO occupation (
    id, job_group_code, job_group_name,
    job_type_code, job_type_name,
    job_role_code, job_role_name
) VALUES
    (823, 15, '엔지니어링·설계', 161, 'RF엔지니어', 823, '정보통신');
INSERT INTO occupation (
    id, job_group_code, job_group_name,
    job_type_code, job_type_name,
    job_role_code, job_role_name
) VALUES
    (824, 15, '엔지니어링·설계', 161, 'RF엔지니어', 824, '통신설비');
INSERT INTO occupation (
    id, job_group_code, job_group_name,
    job_type_code, job_type_name,
    job_role_code, job_role_name
) VALUES
    (825, 15, '엔지니어링·설계', 161, 'RF엔지니어', 825, '광통신');
INSERT INTO occupation (
    id, job_group_code, job_group_name,
    job_type_code, job_type_name,
    job_role_code, job_role_name
) VALUES
    (826, 15, '엔지니어링·설계', 162, '필드엔지니어', 826, '유지보수');
INSERT INTO occupation (
    id, job_group_code, job_group_name,
    job_type_code, job_type_name,
    job_role_code, job_role_name
) VALUES
    (827, 15, '엔지니어링·설계', 162, '필드엔지니어', 827, '기술지원');
INSERT INTO occupation (
    id, job_group_code, job_group_name,
    job_type_code, job_type_name,
    job_role_code, job_role_name
) VALUES
    (828, 15, '엔지니어링·설계', 162, '필드엔지니어', 828, '설치');
INSERT INTO occupation (
    id, job_group_code, job_group_name,
    job_type_code, job_type_name,
    job_role_code, job_role_name
) VALUES
    (829, 15, '엔지니어링·설계', 162, '필드엔지니어', 829, '기계조작');
INSERT INTO occupation (
    id, job_group_code, job_group_name,
    job_type_code, job_type_name,
    job_role_code, job_role_name
) VALUES
    (830, 15, '엔지니어링·설계', 163, 'R&D·연구원', 830, 'R&D');
INSERT INTO occupation (
    id, job_group_code, job_group_name,
    job_type_code, job_type_name,
    job_role_code, job_role_name
) VALUES
    (831, 15, '엔지니어링·설계', 163, 'R&D·연구원', 831, '제품개발');
INSERT INTO occupation (
    id, job_group_code, job_group_name,
    job_type_code, job_type_name,
    job_role_code, job_role_name
) VALUES
    (832, 15, '엔지니어링·설계', 163, 'R&D·연구원', 832, '연구·실험·기술');
INSERT INTO occupation (
    id, job_group_code, job_group_name,
    job_type_code, job_type_name,
    job_role_code, job_role_name
) VALUES
    (833, 15, '엔지니어링·설계', 163, 'R&D·연구원', 833, '전기·전자');
INSERT INTO occupation (
    id, job_group_code, job_group_name,
    job_type_code, job_type_name,
    job_role_code, job_role_name
) VALUES
    (834, 15, '엔지니어링·설계', 163, 'R&D·연구원', 834, '제조·공정');
INSERT INTO occupation (
    id, job_group_code, job_group_name,
    job_type_code, job_type_name,
    job_role_code, job_role_name
) VALUES
    (835, 15, '엔지니어링·설계', 163, 'R&D·연구원', 835, '화학·섬유');
INSERT INTO occupation (
    id, job_group_code, job_group_name,
    job_type_code, job_type_name,
    job_role_code, job_role_name
) VALUES
    (836, 15, '엔지니어링·설계', 163, 'R&D·연구원', 836, '신소재');
INSERT INTO occupation (
    id, job_group_code, job_group_name,
    job_type_code, job_type_name,
    job_role_code, job_role_name
) VALUES
    (837, 15, '엔지니어링·설계', 163, 'R&D·연구원', 837, '반도체·LCD');
INSERT INTO occupation (
    id, job_group_code, job_group_name,
    job_type_code, job_type_name,
    job_role_code, job_role_name
) VALUES
    (838, 15, '엔지니어링·설계', 163, 'R&D·연구원', 838, '자동차');
INSERT INTO occupation (
    id, job_group_code, job_group_name,
    job_type_code, job_type_name,
    job_role_code, job_role_name
) VALUES
    (839, 15, '엔지니어링·설계', 163, 'R&D·연구원', 839, '정보통신·IT');
INSERT INTO occupation (
    id, job_group_code, job_group_name,
    job_type_code, job_type_name,
    job_role_code, job_role_name
) VALUES
    (840, 15, '엔지니어링·설계', 163, 'R&D·연구원', 840, '환경');
INSERT INTO occupation (
    id, job_group_code, job_group_name,
    job_type_code, job_type_name,
    job_role_code, job_role_name
) VALUES
    (841, 15, '엔지니어링·설계', 163, 'R&D·연구원', 841, '조선·항공·우주');
INSERT INTO occupation (
    id, job_group_code, job_group_name,
    job_type_code, job_type_name,
    job_role_code, job_role_name
) VALUES
    (842, 15, '엔지니어링·설계', 163, 'R&D·연구원', 842, '에너지');
INSERT INTO occupation (
    id, job_group_code, job_group_name,
    job_type_code, job_type_name,
    job_role_code, job_role_name
) VALUES
    (843, 15, '엔지니어링·설계', 163, 'R&D·연구원', 843, '로봇설계');
INSERT INTO occupation (
    id, job_group_code, job_group_name,
    job_type_code, job_type_name,
    job_role_code, job_role_name
) VALUES
    (844, 15, '엔지니어링·설계', 163, 'R&D·연구원', 844, '생명공학');
INSERT INTO occupation (
    id, job_group_code, job_group_name,
    job_type_code, job_type_name,
    job_role_code, job_role_name
) VALUES
    (845, 15, '엔지니어링·설계', 163, 'R&D·연구원', 845, '금속·철강');
INSERT INTO occupation (
    id, job_group_code, job_group_name,
    job_type_code, job_type_name,
    job_role_code, job_role_name
) VALUES
    (846, 15, '엔지니어링·설계', 163, 'R&D·연구원', 846, '미생물');
INSERT INTO occupation (
    id, job_group_code, job_group_name,
    job_type_code, job_type_name,
    job_role_code, job_role_name
) VALUES
    (847, 15, '엔지니어링·설계', 163, 'R&D·연구원', 847, '건설·교통');
INSERT INTO occupation (
    id, job_group_code, job_group_name,
    job_type_code, job_type_name,
    job_role_code, job_role_name
) VALUES
    (848, 15, '엔지니어링·설계', 163, 'R&D·연구원', 848, '경영·경제연구');
INSERT INTO occupation (
    id, job_group_code, job_group_name,
    job_type_code, job_type_name,
    job_role_code, job_role_name
) VALUES
    (849, 15, '엔지니어링·설계', 163, 'R&D·연구원', 849, '인문·사회과학');
INSERT INTO occupation (
    id, job_group_code, job_group_name,
    job_type_code, job_type_name,
    job_role_code, job_role_name
) VALUES
    (850, 15, '엔지니어링·설계', 163, 'R&D·연구원', 850, '농림·축산연구');
INSERT INTO occupation (
    id, job_group_code, job_group_name,
    job_type_code, job_type_name,
    job_role_code, job_role_name
) VALUES
    (851, 15, '엔지니어링·설계', 163, 'R&D·연구원', 851, '목재·제지');
INSERT INTO occupation (
    id, job_group_code, job_group_name,
    job_type_code, job_type_name,
    job_role_code, job_role_name
) VALUES
    (852, 16, '교육', 165, '유치원·보육교사', 852, '유치원');
INSERT INTO occupation (
    id, job_group_code, job_group_name,
    job_type_code, job_type_name,
    job_role_code, job_role_name
) VALUES
    (853, 16, '교육', 165, '유치원·보육교사', 853, '어린이집');
INSERT INTO occupation (
    id, job_group_code, job_group_name,
    job_type_code, job_type_name,
    job_role_code, job_role_name
) VALUES
    (854, 16, '교육', 165, '유치원·보육교사', 854, '보육교사');
INSERT INTO occupation (
    id, job_group_code, job_group_name,
    job_type_code, job_type_name,
    job_role_code, job_role_name
) VALUES
    (855, 16, '교육', 165, '유치원·보육교사', 855, '놀이방');
INSERT INTO occupation (
    id, job_group_code, job_group_name,
    job_type_code, job_type_name,
    job_role_code, job_role_name
) VALUES
    (856, 16, '교육', 166, '학교·특수학교교사', 856, '중고등학교');
INSERT INTO occupation (
    id, job_group_code, job_group_name,
    job_type_code, job_type_name,
    job_role_code, job_role_name
) VALUES
    (857, 16, '교육', 166, '학교·특수학교교사', 857, '방과후교사');
INSERT INTO occupation (
    id, job_group_code, job_group_name,
    job_type_code, job_type_name,
    job_role_code, job_role_name
) VALUES
    (858, 16, '교육', 166, '학교·특수학교교사', 858, '영어');
INSERT INTO occupation (
    id, job_group_code, job_group_name,
    job_type_code, job_type_name,
    job_role_code, job_role_name
) VALUES
    (859, 16, '교육', 166, '학교·특수학교교사', 859, '초등학교');
INSERT INTO occupation (
    id, job_group_code, job_group_name,
    job_type_code, job_type_name,
    job_role_code, job_role_name
) VALUES
    (860, 16, '교육', 166, '학교·특수학교교사', 860, '예체능');
INSERT INTO occupation (
    id, job_group_code, job_group_name,
    job_type_code, job_type_name,
    job_role_code, job_role_name
) VALUES
    (861, 16, '교육', 166, '학교·특수학교교사', 861, '기타외국어');
INSERT INTO occupation (
    id, job_group_code, job_group_name,
    job_type_code, job_type_name,
    job_role_code, job_role_name
) VALUES
    (862, 16, '교육', 166, '학교·특수학교교사', 862, '중국어');
INSERT INTO occupation (
    id, job_group_code, job_group_name,
    job_type_code, job_type_name,
    job_role_code, job_role_name
) VALUES
    (863, 16, '교육', 166, '학교·특수학교교사', 863, '교육콘텐츠개발');
INSERT INTO occupation (
    id, job_group_code, job_group_name,
    job_type_code, job_type_name,
    job_role_code, job_role_name
) VALUES
    (864, 16, '교육', 166, '학교·특수학교교사', 864, '특수학교');
INSERT INTO occupation (
    id, job_group_code, job_group_name,
    job_type_code, job_type_name,
    job_role_code, job_role_name
) VALUES
    (865, 16, '교육', 166, '학교·특수학교교사', 865, '한국어');
INSERT INTO occupation (
    id, job_group_code, job_group_name,
    job_type_code, job_type_name,
    job_role_code, job_role_name
) VALUES
    (866, 16, '교육', 166, '학교·특수학교교사', 866, '일본어');
INSERT INTO occupation (
    id, job_group_code, job_group_name,
    job_type_code, job_type_name,
    job_role_code, job_role_name
) VALUES
    (867, 16, '교육', 166, '학교·특수학교교사', 867, '보건교사');
INSERT INTO occupation (
    id, job_group_code, job_group_name,
    job_type_code, job_type_name,
    job_role_code, job_role_name
) VALUES
    (868, 16, '교육', 167, '대학교수·강사', 868, '대학강사');
INSERT INTO occupation (
    id, job_group_code, job_group_name,
    job_type_code, job_type_name,
    job_role_code, job_role_name
) VALUES
    (869, 16, '교육', 167, '대학교수·강사', 869, '대학교수');
INSERT INTO occupation (
    id, job_group_code, job_group_name,
    job_type_code, job_type_name,
    job_role_code, job_role_name
) VALUES
    (870, 16, '교육', 167, '대학교수·강사', 870, '입학사정관');
INSERT INTO occupation (
    id, job_group_code, job_group_name,
    job_type_code, job_type_name,
    job_role_code, job_role_name
) VALUES
    (871, 16, '교육', 168, '학원강사', 871, '영어');
INSERT INTO occupation (
    id, job_group_code, job_group_name,
    job_type_code, job_type_name,
    job_role_code, job_role_name
) VALUES
    (872, 16, '교육', 168, '학원강사', 872, '일반학원');
INSERT INTO occupation (
    id, job_group_code, job_group_name,
    job_type_code, job_type_name,
    job_role_code, job_role_name
) VALUES
    (873, 16, '교육', 168, '학원강사', 873, '입시학원');
INSERT INTO occupation (
    id, job_group_code, job_group_name,
    job_type_code, job_type_name,
    job_role_code, job_role_name
) VALUES
    (874, 16, '교육', 168, '학원강사', 874, '예체능');
INSERT INTO occupation (
    id, job_group_code, job_group_name,
    job_type_code, job_type_name,
    job_role_code, job_role_name
) VALUES
    (875, 16, '교육', 168, '학원강사', 875, '파트강사');
INSERT INTO occupation (
    id, job_group_code, job_group_name,
    job_type_code, job_type_name,
    job_role_code, job_role_name
) VALUES
    (876, 16, '교육', 168, '학원강사', 876, '한국어');
INSERT INTO occupation (
    id, job_group_code, job_group_name,
    job_type_code, job_type_name,
    job_role_code, job_role_name
) VALUES
    (877, 16, '교육', 168, '학원강사', 877, '기타외국어');
INSERT INTO occupation (
    id, job_group_code, job_group_name,
    job_type_code, job_type_name,
    job_role_code, job_role_name
) VALUES
    (878, 16, '교육', 168, '학원강사', 878, '일본어');
INSERT INTO occupation (
    id, job_group_code, job_group_name,
    job_type_code, job_type_name,
    job_role_code, job_role_name
) VALUES
    (879, 16, '교육', 168, '학원강사', 879, '중국어');
INSERT INTO occupation (
    id, job_group_code, job_group_name,
    job_type_code, job_type_name,
    job_role_code, job_role_name
) VALUES
    (880, 16, '교육', 169, '외국어강사', 880, '영어');
INSERT INTO occupation (
    id, job_group_code, job_group_name,
    job_type_code, job_type_name,
    job_role_code, job_role_name
) VALUES
    (881, 16, '교육', 169, '외국어강사', 881, '기타외국어');
INSERT INTO occupation (
    id, job_group_code, job_group_name,
    job_type_code, job_type_name,
    job_role_code, job_role_name
) VALUES
    (882, 16, '교육', 169, '외국어강사', 882, '일본어');
INSERT INTO occupation (
    id, job_group_code, job_group_name,
    job_type_code, job_type_name,
    job_role_code, job_role_name
) VALUES
    (883, 16, '교육', 169, '외국어강사', 883, '한국어');
INSERT INTO occupation (
    id, job_group_code, job_group_name,
    job_type_code, job_type_name,
    job_role_code, job_role_name
) VALUES
    (884, 16, '교육', 169, '외국어강사', 884, '중국어');
INSERT INTO occupation (
    id, job_group_code, job_group_name,
    job_type_code, job_type_name,
    job_role_code, job_role_name
) VALUES
    (885, 16, '교육', 170, '기술·전문강사', 885, '자격증·기술');
INSERT INTO occupation (
    id, job_group_code, job_group_name,
    job_type_code, job_type_name,
    job_role_code, job_role_name
) VALUES
    (886, 16, '교육', 170, '기술·전문강사', 886, '직업훈련');
INSERT INTO occupation (
    id, job_group_code, job_group_name,
    job_type_code, job_type_name,
    job_role_code, job_role_name
) VALUES
    (887, 16, '교육', 170, '기술·전문강사', 887, '예체능');
INSERT INTO occupation (
    id, job_group_code, job_group_name,
    job_type_code, job_type_name,
    job_role_code, job_role_name
) VALUES
    (888, 16, '교육', 171, '학습지·방문교사', 888, '방문교사');
INSERT INTO occupation (
    id, job_group_code, job_group_name,
    job_type_code, job_type_name,
    job_role_code, job_role_name
) VALUES
    (889, 16, '교육', 171, '학습지·방문교사', 889, '학습지교사');
INSERT INTO occupation (
    id, job_group_code, job_group_name,
    job_type_code, job_type_name,
    job_role_code, job_role_name
) VALUES
    (890, 16, '교육', 171, '학습지·방문교사', 890, '과외교사');
INSERT INTO occupation (
    id, job_group_code, job_group_name,
    job_type_code, job_type_name,
    job_role_code, job_role_name
) VALUES
    (891, 16, '교육', 171, '학습지·방문교사', 891, '영어');
INSERT INTO occupation (
    id, job_group_code, job_group_name,
    job_type_code, job_type_name,
    job_role_code, job_role_name
) VALUES
    (892, 16, '교육', 171, '학습지·방문교사', 892, '일본어');
INSERT INTO occupation (
    id, job_group_code, job_group_name,
    job_type_code, job_type_name,
    job_role_code, job_role_name
) VALUES
    (893, 16, '교육', 171, '학습지·방문교사', 893, '중국어');
INSERT INTO occupation (
    id, job_group_code, job_group_name,
    job_type_code, job_type_name,
    job_role_code, job_role_name
) VALUES
    (894, 16, '교육', 172, '학원상담·운영', 894, '학생관리');
INSERT INTO occupation (
    id, job_group_code, job_group_name,
    job_type_code, job_type_name,
    job_role_code, job_role_name
) VALUES
    (895, 16, '교육', 172, '학원상담·운영', 895, '교육상담');
INSERT INTO occupation (
    id, job_group_code, job_group_name,
    job_type_code, job_type_name,
    job_role_code, job_role_name
) VALUES
    (896, 16, '교육', 172, '학원상담·운영', 896, '학원운영');
INSERT INTO occupation (
    id, job_group_code, job_group_name,
    job_type_code, job_type_name,
    job_role_code, job_role_name
) VALUES
    (897, 16, '교육', 172, '학원상담·운영', 897, '일반학원');
INSERT INTO occupation (
    id, job_group_code, job_group_name,
    job_type_code, job_type_name,
    job_role_code, job_role_name
) VALUES
    (898, 16, '교육', 172, '학원상담·운영', 898, '입시학원');
INSERT INTO occupation (
    id, job_group_code, job_group_name,
    job_type_code, job_type_name,
    job_role_code, job_role_name
) VALUES
    (899, 16, '교육', 172, '학원상담·운영', 899, '유학상담');
INSERT INTO occupation (
    id, job_group_code, job_group_name,
    job_type_code, job_type_name,
    job_role_code, job_role_name
) VALUES
    (900, 16, '교육', 173, '교직원·조교', 900, '교육행정');
INSERT INTO occupation (
    id, job_group_code, job_group_name,
    job_type_code, job_type_name,
    job_role_code, job_role_name
) VALUES
    (901, 16, '교육', 173, '교직원·조교', 901, '조교');
INSERT INTO occupation (
    id, job_group_code, job_group_name,
    job_type_code, job_type_name,
    job_role_code, job_role_name
) VALUES
    (902, 16, '교육', 173, '교직원·조교', 902, '대학교');
INSERT INTO occupation (
    id, job_group_code, job_group_name,
    job_type_code, job_type_name,
    job_role_code, job_role_name
) VALUES
    (903, 16, '교육', 173, '교직원·조교', 903, '중고등학교');
INSERT INTO occupation (
    id, job_group_code, job_group_name,
    job_type_code, job_type_name,
    job_role_code, job_role_name
) VALUES
    (904, 16, '교육', 173, '교직원·조교', 904, '초등학교');
INSERT INTO occupation (
    id, job_group_code, job_group_name,
    job_type_code, job_type_name,
    job_role_code, job_role_name
) VALUES
    (905, 16, '교육', 173, '교직원·조교', 905, '특수학교');
INSERT INTO occupation (
    id, job_group_code, job_group_name,
    job_type_code, job_type_name,
    job_role_code, job_role_name
) VALUES
    (906, 16, '교육', 174, '교재개발·교수설계', 906, '교육기획');
INSERT INTO occupation (
    id, job_group_code, job_group_name,
    job_type_code, job_type_name,
    job_role_code, job_role_name
) VALUES
    (907, 16, '교육', 174, '교재개발·교수설계', 907, '교육콘텐츠개발');
INSERT INTO occupation (
    id, job_group_code, job_group_name,
    job_type_code, job_type_name,
    job_role_code, job_role_name
) VALUES
    (908, 16, '교육', 174, '교재개발·교수설계', 908, '교육진행');
INSERT INTO occupation (
    id, job_group_code, job_group_name,
    job_type_code, job_type_name,
    job_role_code, job_role_name
) VALUES
    (909, 16, '교육', 174, '교재개발·교수설계', 909, '교육행정');
INSERT INTO occupation (
    id, job_group_code, job_group_name,
    job_type_code, job_type_name,
    job_role_code, job_role_name
) VALUES
    (910, 16, '교육', 174, '교재개발·교수설계', 910, '교재개발');
INSERT INTO occupation (
    id, job_group_code, job_group_name,
    job_type_code, job_type_name,
    job_role_code, job_role_name
) VALUES
    (911, 16, '교육', 174, '교재개발·교수설계', 911, '교수설계');
INSERT INTO occupation (
    id, job_group_code, job_group_name,
    job_type_code, job_type_name,
    job_role_code, job_role_name
) VALUES
    (912, 17, '건축·시설', 176, '건축가', 912, '건축설계');
INSERT INTO occupation (
    id, job_group_code, job_group_name,
    job_type_code, job_type_name,
    job_role_code, job_role_name
) VALUES
    (913, 17, '건축·시설', 176, '건축가', 913, '캐드원');
INSERT INTO occupation (
    id, job_group_code, job_group_name,
    job_type_code, job_type_name,
    job_role_code, job_role_name
) VALUES
    (914, 17, '건축·시설', 176, '건축가', 914, '건축CM');
INSERT INTO occupation (
    id, job_group_code, job_group_name,
    job_type_code, job_type_name,
    job_role_code, job_role_name
) VALUES
    (915, 17, '건축·시설', 176, '건축가', 915, '건축감리');
INSERT INTO occupation (
    id, job_group_code, job_group_name,
    job_type_code, job_type_name,
    job_role_code, job_role_name
) VALUES
    (916, 17, '건축·시설', 176, '건축가', 916, '리모델링');
INSERT INTO occupation (
    id, job_group_code, job_group_name,
    job_type_code, job_type_name,
    job_role_code, job_role_name
) VALUES
    (917, 17, '건축·시설', 177, '건축기사', 917, '건축설계');
INSERT INTO occupation (
    id, job_group_code, job_group_name,
    job_type_code, job_type_name,
    job_role_code, job_role_name
) VALUES
    (918, 17, '건축·시설', 177, '건축기사', 918, '건축시공');
INSERT INTO occupation (
    id, job_group_code, job_group_name,
    job_type_code, job_type_name,
    job_role_code, job_role_name
) VALUES
    (919, 17, '건축·시설', 177, '건축기사', 919, '시공관리');
INSERT INTO occupation (
    id, job_group_code, job_group_name,
    job_type_code, job_type_name,
    job_role_code, job_role_name
) VALUES
    (920, 17, '건축·시설', 177, '건축기사', 920, '리모델링');
INSERT INTO occupation (
    id, job_group_code, job_group_name,
    job_type_code, job_type_name,
    job_role_code, job_role_name
) VALUES
    (921, 17, '건축·시설', 178, '시공기사', 921, '건축시공');
INSERT INTO occupation (
    id, job_group_code, job_group_name,
    job_type_code, job_type_name,
    job_role_code, job_role_name
) VALUES
    (922, 17, '건축·시설', 178, '시공기사', 922, '시공관리');
INSERT INTO occupation (
    id, job_group_code, job_group_name,
    job_type_code, job_type_name,
    job_role_code, job_role_name
) VALUES
    (923, 17, '건축·시설', 178, '시공기사', 923, '전기설비');
INSERT INTO occupation (
    id, job_group_code, job_group_name,
    job_type_code, job_type_name,
    job_role_code, job_role_name
) VALUES
    (924, 17, '건축·시설', 178, '시공기사', 924, '리모델링');
INSERT INTO occupation (
    id, job_group_code, job_group_name,
    job_type_code, job_type_name,
    job_role_code, job_role_name
) VALUES
    (925, 17, '건축·시설', 178, '시공기사', 925, '배관·케이블');
INSERT INTO occupation (
    id, job_group_code, job_group_name,
    job_type_code, job_type_name,
    job_role_code, job_role_name
) VALUES
    (926, 17, '건축·시설', 178, '시공기사', 926, '공조냉동');
INSERT INTO occupation (
    id, job_group_code, job_group_name,
    job_type_code, job_type_name,
    job_role_code, job_role_name
) VALUES
    (927, 17, '건축·시설', 178, '시공기사', 927, '에어컨');
INSERT INTO occupation (
    id, job_group_code, job_group_name,
    job_type_code, job_type_name,
    job_role_code, job_role_name
) VALUES
    (928, 17, '건축·시설', 178, '시공기사', 928, '간판·판넬');
INSERT INTO occupation (
    id, job_group_code, job_group_name,
    job_type_code, job_type_name,
    job_role_code, job_role_name
) VALUES
    (929, 17, '건축·시설', 178, '시공기사', 929, '샤시·창호');
INSERT INTO occupation (
    id, job_group_code, job_group_name,
    job_type_code, job_type_name,
    job_role_code, job_role_name
) VALUES
    (930, 17, '건축·시설', 178, '시공기사', 930, '리노베이션');
INSERT INTO occupation (
    id, job_group_code, job_group_name,
    job_type_code, job_type_name,
    job_role_code, job_role_name
) VALUES
    (931, 17, '건축·시설', 178, '시공기사', 931, '단열·외장');
INSERT INTO occupation (
    id, job_group_code, job_group_name,
    job_type_code, job_type_name,
    job_role_code, job_role_name
) VALUES
    (932, 17, '건축·시설', 178, '시공기사', 932, '장판·타일');
INSERT INTO occupation (
    id, job_group_code, job_group_name,
    job_type_code, job_type_name,
    job_role_code, job_role_name
) VALUES
    (933, 17, '건축·시설', 178, '시공기사', 933, '도배·벽지');
INSERT INTO occupation (
    id, job_group_code, job_group_name,
    job_type_code, job_type_name,
    job_role_code, job_role_name
) VALUES
    (934, 17, '건축·시설', 178, '시공기사', 934, '방음·방벽');
INSERT INTO occupation (
    id, job_group_code, job_group_name,
    job_type_code, job_type_name,
    job_role_code, job_role_name
) VALUES
    (935, 17, '건축·시설', 178, '시공기사', 935, '엘리베이터');
INSERT INTO occupation (
    id, job_group_code, job_group_name,
    job_type_code, job_type_name,
    job_role_code, job_role_name
) VALUES
    (936, 17, '건축·시설', 178, '시공기사', 936, '미장');
INSERT INTO occupation (
    id, job_group_code, job_group_name,
    job_type_code, job_type_name,
    job_role_code, job_role_name
) VALUES
    (937, 17, '건축·시설', 179, '전기기사', 937, '전기설비');
INSERT INTO occupation (
    id, job_group_code, job_group_name,
    job_type_code, job_type_name,
    job_role_code, job_role_name
) VALUES
    (938, 17, '건축·시설', 179, '전기기사', 938, '전기배선');
INSERT INTO occupation (
    id, job_group_code, job_group_name,
    job_type_code, job_type_name,
    job_role_code, job_role_name
) VALUES
    (939, 17, '건축·시설', 179, '전기기사', 939, '통신설비');
INSERT INTO occupation (
    id, job_group_code, job_group_name,
    job_type_code, job_type_name,
    job_role_code, job_role_name
) VALUES
    (940, 17, '건축·시설', 179, '전기기사', 940, '배관·케이블');
INSERT INTO occupation (
    id, job_group_code, job_group_name,
    job_type_code, job_type_name,
    job_role_code, job_role_name
) VALUES
    (941, 17, '건축·시설', 179, '전기기사', 941, '엘리베이터');
INSERT INTO occupation (
    id, job_group_code, job_group_name,
    job_type_code, job_type_name,
    job_role_code, job_role_name
) VALUES
    (942, 17, '건축·시설', 180, '토목기사', 942, '토목');
INSERT INTO occupation (
    id, job_group_code, job_group_name,
    job_type_code, job_type_name,
    job_role_code, job_role_name
) VALUES
    (943, 17, '건축·시설', 180, '토목기사', 943, '측량');
INSERT INTO occupation (
    id, job_group_code, job_group_name,
    job_type_code, job_type_name,
    job_role_code, job_role_name
) VALUES
    (944, 17, '건축·시설', 180, '토목기사', 944, '상하수도');
INSERT INTO occupation (
    id, job_group_code, job_group_name,
    job_type_code, job_type_name,
    job_role_code, job_role_name
) VALUES
    (945, 17, '건축·시설', 180, '토목기사', 945, '건축시공');
INSERT INTO occupation (
    id, job_group_code, job_group_name,
    job_type_code, job_type_name,
    job_role_code, job_role_name
) VALUES
    (946, 17, '건축·시설', 180, '토목기사', 946, '교량설계');
INSERT INTO occupation (
    id, job_group_code, job_group_name,
    job_type_code, job_type_name,
    job_role_code, job_role_name
) VALUES
    (947, 17, '건축·시설', 180, '토목기사', 947, '가설설계');
INSERT INTO occupation (
    id, job_group_code, job_group_name,
    job_type_code, job_type_name,
    job_role_code, job_role_name
) VALUES
    (948, 17, '건축·시설', 180, '토목기사', 948, '토목감리');
INSERT INTO occupation (
    id, job_group_code, job_group_name,
    job_type_code, job_type_name,
    job_role_code, job_role_name
) VALUES
    (949, 17, '건축·시설', 180, '토목기사', 949, '목수');
INSERT INTO occupation (
    id, job_group_code, job_group_name,
    job_type_code, job_type_name,
    job_role_code, job_role_name
) VALUES
    (950, 17, '건축·시설', 181, '시설관리자', 950, '시설점검');
INSERT INTO occupation (
    id, job_group_code, job_group_name,
    job_type_code, job_type_name,
    job_role_code, job_role_name
) VALUES
    (951, 17, '건축·시설', 181, '시설관리자', 951, '전기점검');
INSERT INTO occupation (
    id, job_group_code, job_group_name,
    job_type_code, job_type_name,
    job_role_code, job_role_name
) VALUES
    (952, 17, '건축·시설', 181, '시설관리자', 952, '공조냉동');
INSERT INTO occupation (
    id, job_group_code, job_group_name,
    job_type_code, job_type_name,
    job_role_code, job_role_name
) VALUES
    (953, 17, '건축·시설', 181, '시설관리자', 953, '가스점검');
INSERT INTO occupation (
    id, job_group_code, job_group_name,
    job_type_code, job_type_name,
    job_role_code, job_role_name
) VALUES
    (954, 17, '건축·시설', 182, '현장관리자', 954, '시공관리');
INSERT INTO occupation (
    id, job_group_code, job_group_name,
    job_type_code, job_type_name,
    job_role_code, job_role_name
) VALUES
    (955, 17, '건축·시설', 182, '현장관리자', 955, '건설노무');
INSERT INTO occupation (
    id, job_group_code, job_group_name,
    job_type_code, job_type_name,
    job_role_code, job_role_name
) VALUES
    (956, 17, '건축·시설', 182, '현장관리자', 956, '안전평가');
INSERT INTO occupation (
    id, job_group_code, job_group_name,
    job_type_code, job_type_name,
    job_role_code, job_role_name
) VALUES
    (957, 17, '건축·시설', 183, '안전관리자', 957, '산업안전');
INSERT INTO occupation (
    id, job_group_code, job_group_name,
    job_type_code, job_type_name,
    job_role_code, job_role_name
) VALUES
    (958, 17, '건축·시설', 183, '안전관리자', 958, '건설안전');
INSERT INTO occupation (
    id, job_group_code, job_group_name,
    job_type_code, job_type_name,
    job_role_code, job_role_name
) VALUES
    (959, 17, '건축·시설', 183, '안전관리자', 959, '소방·방재');
INSERT INTO occupation (
    id, job_group_code, job_group_name,
    job_type_code, job_type_name,
    job_role_code, job_role_name
) VALUES
    (960, 17, '건축·시설', 183, '안전관리자', 960, '안전평가');
INSERT INTO occupation (
    id, job_group_code, job_group_name,
    job_type_code, job_type_name,
    job_role_code, job_role_name
) VALUES
    (961, 17, '건축·시설', 183, '안전관리자', 961, '환기');
INSERT INTO occupation (
    id, job_group_code, job_group_name,
    job_type_code, job_type_name,
    job_role_code, job_role_name
) VALUES
    (962, 17, '건축·시설', 185, '소방설비', 962, '소방·방재');
INSERT INTO occupation (
    id, job_group_code, job_group_name,
    job_type_code, job_type_name,
    job_role_code, job_role_name
) VALUES
    (963, 17, '건축·시설', 185, '소방설비', 963, '산업안전');
INSERT INTO occupation (
    id, job_group_code, job_group_name,
    job_type_code, job_type_name,
    job_role_code, job_role_name
) VALUES
    (964, 17, '건축·시설', 185, '소방설비', 964, '건설안전');
INSERT INTO occupation (
    id, job_group_code, job_group_name,
    job_type_code, job_type_name,
    job_role_code, job_role_name
) VALUES
    (965, 17, '건축·시설', 185, '소방설비', 965, '상하수도');
INSERT INTO occupation (
    id, job_group_code, job_group_name,
    job_type_code, job_type_name,
    job_role_code, job_role_name
) VALUES
    (966, 17, '건축·시설', 186, '현장보조', 966, '보수·철거');
INSERT INTO occupation (
    id, job_group_code, job_group_name,
    job_type_code, job_type_name,
    job_role_code, job_role_name
) VALUES
    (967, 17, '건축·시설', 186, '현장보조', 967, '토목');
INSERT INTO occupation (
    id, job_group_code, job_group_name,
    job_type_code, job_type_name,
    job_role_code, job_role_name
) VALUES
    (968, 17, '건축·시설', 186, '현장보조', 968, '샤시·창호');
INSERT INTO occupation (
    id, job_group_code, job_group_name,
    job_type_code, job_type_name,
    job_role_code, job_role_name
) VALUES
    (969, 17, '건축·시설', 186, '현장보조', 969, '간판·판넬');
INSERT INTO occupation (
    id, job_group_code, job_group_name,
    job_type_code, job_type_name,
    job_role_code, job_role_name
) VALUES
    (970, 17, '건축·시설', 186, '현장보조', 970, '미장');
INSERT INTO occupation (
    id, job_group_code, job_group_name,
    job_type_code, job_type_name,
    job_role_code, job_role_name
) VALUES
    (971, 17, '건축·시설', 187, '감리원', 971, '현장감리');
INSERT INTO occupation (
    id, job_group_code, job_group_name,
    job_type_code, job_type_name,
    job_role_code, job_role_name
) VALUES
    (972, 17, '건축·시설', 187, '감리원', 972, '시공감리');
INSERT INTO occupation (
    id, job_group_code, job_group_name,
    job_type_code, job_type_name,
    job_role_code, job_role_name
) VALUES
    (973, 17, '건축·시설', 187, '감리원', 973, '건축감리');
INSERT INTO occupation (
    id, job_group_code, job_group_name,
    job_type_code, job_type_name,
    job_role_code, job_role_name
) VALUES
    (974, 17, '건축·시설', 187, '감리원', 974, '토목감리');
INSERT INTO occupation (
    id, job_group_code, job_group_name,
    job_type_code, job_type_name,
    job_role_code, job_role_name
) VALUES
    (975, 17, '건축·시설', 187, '감리원', 975, '소방감리');
INSERT INTO occupation (
    id, job_group_code, job_group_name,
    job_type_code, job_type_name,
    job_role_code, job_role_name
) VALUES
    (976, 17, '건축·시설', 188, '도시·조경설계', 976, '도시계획');
INSERT INTO occupation (
    id, job_group_code, job_group_name,
    job_type_code, job_type_name,
    job_role_code, job_role_name
) VALUES
    (977, 17, '건축·시설', 188, '도시·조경설계', 977, '가설설계');
INSERT INTO occupation (
    id, job_group_code, job_group_name,
    job_type_code, job_type_name,
    job_role_code, job_role_name
) VALUES
    (978, 17, '건축·시설', 188, '도시·조경설계', 978, '교량설계');
INSERT INTO occupation (
    id, job_group_code, job_group_name,
    job_type_code, job_type_name,
    job_role_code, job_role_name
) VALUES
    (979, 17, '건축·시설', 188, '도시·조경설계', 979, '경량·골조');
INSERT INTO occupation (
    id, job_group_code, job_group_name,
    job_type_code, job_type_name,
    job_role_code, job_role_name
) VALUES
    (980, 17, '건축·시설', 189, '환경기사', 980, '수질환경');
INSERT INTO occupation (
    id, job_group_code, job_group_name,
    job_type_code, job_type_name,
    job_role_code, job_role_name
) VALUES
    (981, 17, '건축·시설', 189, '환경기사', 981, '대기환경');
INSERT INTO occupation (
    id, job_group_code, job_group_name,
    job_type_code, job_type_name,
    job_role_code, job_role_name
) VALUES
    (982, 17, '건축·시설', 189, '환경기사', 982, '플랜트');
INSERT INTO occupation (
    id, job_group_code, job_group_name,
    job_type_code, job_type_name,
    job_role_code, job_role_name
) VALUES
    (983, 17, '건축·시설', 189, '환경기사', 983, '환경측정');
INSERT INTO occupation (
    id, job_group_code, job_group_name,
    job_type_code, job_type_name,
    job_role_code, job_role_name
) VALUES
    (984, 17, '건축·시설', 189, '환경기사', 984, '토양환경');
INSERT INTO occupation (
    id, job_group_code, job_group_name,
    job_type_code, job_type_name,
    job_role_code, job_role_name
) VALUES
    (985, 17, '건축·시설', 191, '공인중개사', 985, '부동산컨설팅');
INSERT INTO occupation (
    id, job_group_code, job_group_name,
    job_type_code, job_type_name,
    job_role_code, job_role_name
) VALUES
    (986, 17, '건축·시설', 191, '공인중개사', 986, '부동산개발');
INSERT INTO occupation (
    id, job_group_code, job_group_name,
    job_type_code, job_type_name,
    job_role_code, job_role_name
) VALUES
    (987, 17, '건축·시설', 191, '공인중개사', 987, '분양상담');
INSERT INTO occupation (
    id, job_group_code, job_group_name,
    job_type_code, job_type_name,
    job_role_code, job_role_name
) VALUES
    (988, 17, '건축·시설', 193, '분양매니저', 988, '부동산컨설팅');
INSERT INTO occupation (
    id, job_group_code, job_group_name,
    job_type_code, job_type_name,
    job_role_code, job_role_name
) VALUES
    (989, 17, '건축·시설', 193, '분양매니저', 989, '임대·임대컨설팅');
INSERT INTO occupation (
    id, job_group_code, job_group_name,
    job_type_code, job_type_name,
    job_role_code, job_role_name
) VALUES
    (990, 17, '건축·시설', 193, '분양매니저', 990, '부동산개발');
INSERT INTO occupation (
    id, job_group_code, job_group_name,
    job_type_code, job_type_name,
    job_role_code, job_role_name
) VALUES
    (991, 17, '건축·시설', 193, '분양매니저', 991, '분양상담');
INSERT INTO occupation (
    id, job_group_code, job_group_name,
    job_type_code, job_type_name,
    job_role_code, job_role_name
) VALUES
    (992, 17, '건축·시설', 193, '분양매니저', 992, '분양대행');
INSERT INTO occupation (
    id, job_group_code, job_group_name,
    job_type_code, job_type_name,
    job_role_code, job_role_name
) VALUES
    (993, 17, '건축·시설', 193, '분양매니저', 993, '매입·매각');
INSERT INTO occupation (
    id, job_group_code, job_group_name,
    job_type_code, job_type_name,
    job_role_code, job_role_name
) VALUES
    (994, 17, '건축·시설', 193, '분양매니저', 994, '경매입찰');
INSERT INTO occupation (
    id, job_group_code, job_group_name,
    job_type_code, job_type_name,
    job_role_code, job_role_name
) VALUES
    (995, 17, '건축·시설', 193, '분양매니저', 995, '주택관리사');
INSERT INTO occupation (
    id, job_group_code, job_group_name,
    job_type_code, job_type_name,
    job_role_code, job_role_name
) VALUES
    (996, 17, '건축·시설', 193, '분양매니저', 996, '시설점검');
INSERT INTO occupation (
    id, job_group_code, job_group_name,
    job_type_code, job_type_name,
    job_role_code, job_role_name
) VALUES
    (997, 18, '의료·바이오', 194, '의사', 997, '전문의');
INSERT INTO occupation (
    id, job_group_code, job_group_name,
    job_type_code, job_type_name,
    job_role_code, job_role_name
) VALUES
    (998, 18, '의료·바이오', 194, '의사', 998, '전임의');
INSERT INTO occupation (
    id, job_group_code, job_group_name,
    job_type_code, job_type_name,
    job_role_code, job_role_name
) VALUES
    (999, 18, '의료·바이오', 194, '의사', 999, '치과의사');
INSERT INTO occupation (
    id, job_group_code, job_group_name,
    job_type_code, job_type_name,
    job_role_code, job_role_name
) VALUES
    (1000, 18, '의료·바이오', 196, '간호사', 1000, '수술실간호사');
INSERT INTO occupation (
    id, job_group_code, job_group_name,
    job_type_code, job_type_name,
    job_role_code, job_role_name
) VALUES
    (1001, 18, '의료·바이오', 196, '간호사', 1001, '병동간호사');
INSERT INTO occupation (
    id, job_group_code, job_group_name,
    job_type_code, job_type_name,
    job_role_code, job_role_name
) VALUES
    (1002, 18, '의료·바이오', 196, '간호사', 1002, '전문간호사');
INSERT INTO occupation (
    id, job_group_code, job_group_name,
    job_type_code, job_type_name,
    job_role_code, job_role_name
) VALUES
    (1003, 18, '의료·바이오', 196, '간호사', 1003, '응급실간호사');
INSERT INTO occupation (
    id, job_group_code, job_group_name,
    job_type_code, job_type_name,
    job_role_code, job_role_name
) VALUES
    (1004, 18, '의료·바이오', 196, '간호사', 1004, '검진센터간호사');
INSERT INTO occupation (
    id, job_group_code, job_group_name,
    job_type_code, job_type_name,
    job_role_code, job_role_name
) VALUES
    (1005, 18, '의료·바이오', 196, '간호사', 1005, '책임간호사');
INSERT INTO occupation (
    id, job_group_code, job_group_name,
    job_type_code, job_type_name,
    job_role_code, job_role_name
) VALUES
    (1006, 18, '의료·바이오', 196, '간호사', 1006, '수간호사');
INSERT INTO occupation (
    id, job_group_code, job_group_name,
    job_type_code, job_type_name,
    job_role_code, job_role_name
) VALUES
    (1007, 18, '의료·바이오', 196, '간호사', 1007, '마취간호사');
INSERT INTO occupation (
    id, job_group_code, job_group_name,
    job_type_code, job_type_name,
    job_role_code, job_role_name
) VALUES
    (1008, 18, '의료·바이오', 196, '간호사', 1008, '연구간호사(CRC)');
INSERT INTO occupation (
    id, job_group_code, job_group_name,
    job_type_code, job_type_name,
    job_role_code, job_role_name
) VALUES
    (1009, 18, '의료·바이오', 197, '간호조무사', 1009, '진료보조');
INSERT INTO occupation (
    id, job_group_code, job_group_name,
    job_type_code, job_type_name,
    job_role_code, job_role_name
) VALUES
    (1010, 18, '의료·바이오', 197, '간호조무사', 1010, '수술실보조');
INSERT INTO occupation (
    id, job_group_code, job_group_name,
    job_type_code, job_type_name,
    job_role_code, job_role_name
) VALUES
    (1011, 18, '의료·바이오', 197, '간호조무사', 1011, '보험심사·청구');
INSERT INTO occupation (
    id, job_group_code, job_group_name,
    job_type_code, job_type_name,
    job_role_code, job_role_name
) VALUES
    (1012, 18, '의료·바이오', 198, '약사·한약사', 1012, '약사');
INSERT INTO occupation (
    id, job_group_code, job_group_name,
    job_type_code, job_type_name,
    job_role_code, job_role_name
) VALUES
    (1013, 18, '의료·바이오', 198, '약사·한약사', 1013, 'RA');
INSERT INTO occupation (
    id, job_group_code, job_group_name,
    job_type_code, job_type_name,
    job_role_code, job_role_name
) VALUES
    (1014, 18, '의료·바이오', 198, '약사·한약사', 1014, '한약사');
INSERT INTO occupation (
    id, job_group_code, job_group_name,
    job_type_code, job_type_name,
    job_role_code, job_role_name
) VALUES
    (1015, 18, '의료·바이오', 199, '의료기사', 1015, '치위생사');
INSERT INTO occupation (
    id, job_group_code, job_group_name,
    job_type_code, job_type_name,
    job_role_code, job_role_name
) VALUES
    (1016, 18, '의료·바이오', 199, '의료기사', 1016, '방사선사');
INSERT INTO occupation (
    id, job_group_code, job_group_name,
    job_type_code, job_type_name,
    job_role_code, job_role_name
) VALUES
    (1017, 18, '의료·바이오', 199, '의료기사', 1017, '물리치료사');
INSERT INTO occupation (
    id, job_group_code, job_group_name,
    job_type_code, job_type_name,
    job_role_code, job_role_name
) VALUES
    (1018, 18, '의료·바이오', 199, '의료기사', 1018, '임상병리사');
INSERT INTO occupation (
    id, job_group_code, job_group_name,
    job_type_code, job_type_name,
    job_role_code, job_role_name
) VALUES
    (1019, 18, '의료·바이오', 199, '의료기사', 1019, '작업치료사');
INSERT INTO occupation (
    id, job_group_code, job_group_name,
    job_type_code, job_type_name,
    job_role_code, job_role_name
) VALUES
    (1020, 18, '의료·바이오', 199, '의료기사', 1020, '치기공사');
INSERT INTO occupation (
    id, job_group_code, job_group_name,
    job_type_code, job_type_name,
    job_role_code, job_role_name
) VALUES
    (1021, 18, '의료·바이오', 203, '원무행정', 1021, '접수·예약');
INSERT INTO occupation (
    id, job_group_code, job_group_name,
    job_type_code, job_type_name,
    job_role_code, job_role_name
) VALUES
    (1022, 18, '의료·바이오', 203, '원무행정', 1022, '원무');
INSERT INTO occupation (
    id, job_group_code, job_group_name,
    job_type_code, job_type_name,
    job_role_code, job_role_name
) VALUES
    (1023, 18, '의료·바이오', 203, '원무행정', 1023, '외래');
INSERT INTO occupation (
    id, job_group_code, job_group_name,
    job_type_code, job_type_name,
    job_role_code, job_role_name
) VALUES
    (1024, 18, '의료·바이오', 203, '원무행정', 1024, '보험심사·청구');
INSERT INTO occupation (
    id, job_group_code, job_group_name,
    job_type_code, job_type_name,
    job_role_code, job_role_name
) VALUES
    (1025, 18, '의료·바이오', 204, '기타의료종사자', 1025, 'RA');
INSERT INTO occupation (
    id, job_group_code, job_group_name,
    job_type_code, job_type_name,
    job_role_code, job_role_name
) VALUES
    (1026, 18, '의료·바이오', 204, '기타의료종사자', 1026, '검안사');
INSERT INTO occupation (
    id, job_group_code, job_group_name,
    job_type_code, job_type_name,
    job_role_code, job_role_name
) VALUES
    (1027, 18, '의료·바이오', 204, '기타의료종사자', 1027, '안경사');
INSERT INTO occupation (
    id, job_group_code, job_group_name,
    job_type_code, job_type_name,
    job_role_code, job_role_name
) VALUES
    (1028, 18, '의료·바이오', 204, '기타의료종사자', 1028, '응급구조사');
INSERT INTO occupation (
    id, job_group_code, job_group_name,
    job_type_code, job_type_name,
    job_role_code, job_role_name
) VALUES
    (1029, 18, '의료·바이오', 204, '기타의료종사자', 1029, '의공기사');
INSERT INTO occupation (
    id, job_group_code, job_group_name,
    job_type_code, job_type_name,
    job_role_code, job_role_name
) VALUES
    (1030, 18, '의료·바이오', 204, '기타의료종사자', 1030, '언어치료사');
INSERT INTO occupation (
    id, job_group_code, job_group_name,
    job_type_code, job_type_name,
    job_role_code, job_role_name
) VALUES
    (1031, 18, '의료·바이오', 204, '기타의료종사자', 1031, '보건의료정보관리사');
INSERT INTO occupation (
    id, job_group_code, job_group_name,
    job_type_code, job_type_name,
    job_role_code, job_role_name
) VALUES
    (1032, 18, '의료·바이오', 204, '기타의료종사자', 1032, '심리치료사');
INSERT INTO occupation (
    id, job_group_code, job_group_name,
    job_type_code, job_type_name,
    job_role_code, job_role_name
) VALUES
    (1033, 18, '의료·바이오', 204, '기타의료종사자', 1033, '재활치료사');
INSERT INTO occupation (
    id, job_group_code, job_group_name,
    job_type_code, job_type_name,
    job_role_code, job_role_name
) VALUES
    (1034, 18, '의료·바이오', 204, '기타의료종사자', 1034, '청각사');
INSERT INTO occupation (
    id, job_group_code, job_group_name,
    job_type_code, job_type_name,
    job_role_code, job_role_name
) VALUES
    (1035, 18, '의료·바이오', 204, '기타의료종사자', 1035, '청능사');
INSERT INTO occupation (
    id, job_group_code, job_group_name,
    job_type_code, job_type_name,
    job_role_code, job_role_name
) VALUES
    (1036, 18, '의료·바이오', 204, '기타의료종사자', 1036, '운동처방사');
INSERT INTO occupation (
    id, job_group_code, job_group_name,
    job_type_code, job_type_name,
    job_role_code, job_role_name
) VALUES
    (1037, 18, '의료·바이오', 204, '기타의료종사자', 1037, '놀이치료사');
INSERT INTO occupation (
    id, job_group_code, job_group_name,
    job_type_code, job_type_name,
    job_role_code, job_role_name
) VALUES
    (1038, 18, '의료·바이오', 204, '기타의료종사자', 1038, '위생사');
INSERT INTO occupation (
    id, job_group_code, job_group_name,
    job_type_code, job_type_name,
    job_role_code, job_role_name
) VALUES
    (1039, 18, '의료·바이오', 204, '기타의료종사자', 1039, '구급차기사');
INSERT INTO occupation (
    id, job_group_code, job_group_name,
    job_type_code, job_type_name,
    job_role_code, job_role_name
) VALUES
    (1040, 18, '의료·바이오', 204, '기타의료종사자', 1040, '산후관리사');
INSERT INTO occupation (
    id, job_group_code, job_group_name,
    job_type_code, job_type_name,
    job_role_code, job_role_name
) VALUES
    (1041, 18, '의료·바이오', 204, '기타의료종사자', 1041, '미술치료사');
INSERT INTO occupation (
    id, job_group_code, job_group_name,
    job_type_code, job_type_name,
    job_role_code, job_role_name
) VALUES
    (1042, 18, '의료·바이오', 204, '기타의료종사자', 1042, '인지치료사');
INSERT INTO occupation (
    id, job_group_code, job_group_name,
    job_type_code, job_type_name,
    job_role_code, job_role_name
) VALUES
    (1043, 18, '의료·바이오', 204, '기타의료종사자', 1043, '도수치료사');
INSERT INTO occupation (
    id, job_group_code, job_group_name,
    job_type_code, job_type_name,
    job_role_code, job_role_name
) VALUES
    (1044, 18, '의료·바이오', 204, '기타의료종사자', 1044, '초음파사');
INSERT INTO occupation (
    id, job_group_code, job_group_name,
    job_type_code, job_type_name,
    job_role_code, job_role_name
) VALUES
    (1045, 18, '의료·바이오', 204, '기타의료종사자', 1045, '의지보조기기사');
INSERT INTO occupation (
    id, job_group_code, job_group_name,
    job_type_code, job_type_name,
    job_role_code, job_role_name
) VALUES
    (1046, 18, '의료·바이오', 204, '기타의료종사자', 1046, '음악치료사');
INSERT INTO occupation (
    id, job_group_code, job_group_name,
    job_type_code, job_type_name,
    job_role_code, job_role_name
) VALUES
    (1047, 18, '의료·바이오', 205, '의료·약무보조', 1047, '진료보조');
INSERT INTO occupation (
    id, job_group_code, job_group_name,
    job_type_code, job_type_name,
    job_role_code, job_role_name
) VALUES
    (1048, 18, '의료·바이오', 205, '의료·약무보조', 1048, '약무보조');
INSERT INTO occupation (
    id, job_group_code, job_group_name,
    job_type_code, job_type_name,
    job_role_code, job_role_name
) VALUES
    (1049, 18, '의료·바이오', 205, '의료·약무보조', 1049, '의약사무');
INSERT INTO occupation (
    id, job_group_code, job_group_name,
    job_type_code, job_type_name,
    job_role_code, job_role_name
) VALUES
    (1050, 18, '의료·바이오', 205, '의료·약무보조', 1050, '간병인');
INSERT INTO occupation (
    id, job_group_code, job_group_name,
    job_type_code, job_type_name,
    job_role_code, job_role_name
) VALUES
    (1051, 18, '의료·바이오', 206, '바이오·제약연구원', 1051, '제약·바이오R&D');
INSERT INTO occupation (
    id, job_group_code, job_group_name,
    job_type_code, job_type_name,
    job_role_code, job_role_name
) VALUES
    (1052, 18, '의료·바이오', 206, '바이오·제약연구원', 1052, '생명공학');
INSERT INTO occupation (
    id, job_group_code, job_group_name,
    job_type_code, job_type_name,
    job_role_code, job_role_name
) VALUES
    (1053, 18, '의료·바이오', 206, '바이오·제약연구원', 1053, '의료기기연구');
INSERT INTO occupation (
    id, job_group_code, job_group_name,
    job_type_code, job_type_name,
    job_role_code, job_role_name
) VALUES
    (1054, 18, '의료·바이오', 206, '바이오·제약연구원', 1054, '의약외품연구');
INSERT INTO occupation (
    id, job_group_code, job_group_name,
    job_type_code, job_type_name,
    job_role_code, job_role_name
) VALUES
    (1055, 18, '의료·바이오', 206, '바이오·제약연구원', 1055, '미생물');
INSERT INTO occupation (
    id, job_group_code, job_group_name,
    job_type_code, job_type_name,
    job_role_code, job_role_name
) VALUES
    (1056, 18, '의료·바이오', 206, '바이오·제약연구원', 1056, '건강식품연구');
INSERT INTO occupation (
    id, job_group_code, job_group_name,
    job_type_code, job_type_name,
    job_role_code, job_role_name
) VALUES
    (1057, 19, '미디어·문화·스포츠', 208, 'PD·감독', 1057, '영상제작');
INSERT INTO occupation (
    id, job_group_code, job_group_name,
    job_type_code, job_type_name,
    job_role_code, job_role_name
) VALUES
    (1058, 19, '미디어·문화·스포츠', 208, 'PD·감독', 1058, '방송기획');
INSERT INTO occupation (
    id, job_group_code, job_group_name,
    job_type_code, job_type_name,
    job_role_code, job_role_name
) VALUES
    (1059, 19, '미디어·문화·스포츠', 208, 'PD·감독', 1059, '방송제작');
INSERT INTO occupation (
    id, job_group_code, job_group_name,
    job_type_code, job_type_name,
    job_role_code, job_role_name
) VALUES
    (1060, 19, '미디어·문화·스포츠', 208, 'PD·감독', 1060, '방송송출·송신');
INSERT INTO occupation (
    id, job_group_code, job_group_name,
    job_type_code, job_type_name,
    job_role_code, job_role_name
) VALUES
    (1061, 19, '미디어·문화·스포츠', 208, 'PD·감독', 1061, '편성');
INSERT INTO occupation (
    id, job_group_code, job_group_name,
    job_type_code, job_type_name,
    job_role_code, job_role_name
) VALUES
    (1062, 19, '미디어·문화·스포츠', 208, 'PD·감독', 1062, '웹툰PD');
INSERT INTO occupation (
    id, job_group_code, job_group_name,
    job_type_code, job_type_name,
    job_role_code, job_role_name
) VALUES
    (1063, 19, '미디어·문화·스포츠', 209, '포토그래퍼', 1063, '촬영보조');
INSERT INTO occupation (
    id, job_group_code, job_group_name,
    job_type_code, job_type_name,
    job_role_code, job_role_name
) VALUES
    (1064, 19, '미디어·문화·스포츠', 209, '포토그래퍼', 1064, '촬영기자');
INSERT INTO occupation (
    id, job_group_code, job_group_name,
    job_type_code, job_type_name,
    job_role_code, job_role_name
) VALUES
    (1065, 19, '미디어·문화·스포츠', 209, '포토그래퍼', 1065, '영사기사');
INSERT INTO occupation (
    id, job_group_code, job_group_name,
    job_type_code, job_type_name,
    job_role_code, job_role_name
) VALUES
    (1066, 19, '미디어·문화·스포츠', 210, '영상편집자', 1066, '영상제작');
INSERT INTO occupation (
    id, job_group_code, job_group_name,
    job_type_code, job_type_name,
    job_role_code, job_role_name
) VALUES
    (1067, 19, '미디어·문화·스포츠', 210, '영상편집자', 1067, '방송제작');
INSERT INTO occupation (
    id, job_group_code, job_group_name,
    job_type_code, job_type_name,
    job_role_code, job_role_name
) VALUES
    (1068, 19, '미디어·문화·스포츠', 210, '영상편집자', 1068, '방송기획');
INSERT INTO occupation (
    id, job_group_code, job_group_name,
    job_type_code, job_type_name,
    job_role_code, job_role_name
) VALUES
    (1069, 19, '미디어·문화·스포츠', 210, '영상편집자', 1069, '인코딩');
INSERT INTO occupation (
    id, job_group_code, job_group_name,
    job_type_code, job_type_name,
    job_role_code, job_role_name
) VALUES
    (1070, 19, '미디어·문화·스포츠', 210, '영상편집자', 1070, 'CG');
INSERT INTO occupation (
    id, job_group_code, job_group_name,
    job_type_code, job_type_name,
    job_role_code, job_role_name
) VALUES
    (1071, 19, '미디어·문화·스포츠', 210, '영상편집자', 1071, '특수효과');
INSERT INTO occupation (
    id, job_group_code, job_group_name,
    job_type_code, job_type_name,
    job_role_code, job_role_name
) VALUES
    (1072, 19, '미디어·문화·스포츠', 210, '영상편집자', 1072, 'VJ');
INSERT INTO occupation (
    id, job_group_code, job_group_name,
    job_type_code, job_type_name,
    job_role_code, job_role_name
) VALUES
    (1073, 19, '미디어·문화·스포츠', 211, '사운드엔지니어', 1073, '음향');
INSERT INTO occupation (
    id, job_group_code, job_group_name,
    job_type_code, job_type_name,
    job_role_code, job_role_name
) VALUES
    (1074, 19, '미디어·문화·스포츠', 211, '사운드엔지니어', 1074, '프로듀서');
INSERT INTO occupation (
    id, job_group_code, job_group_name,
    job_type_code, job_type_name,
    job_role_code, job_role_name
) VALUES
    (1075, 19, '미디어·문화·스포츠', 211, '사운드엔지니어', 1075, '작사·작곡');
INSERT INTO occupation (
    id, job_group_code, job_group_name,
    job_type_code, job_type_name,
    job_role_code, job_role_name
) VALUES
    (1076, 19, '미디어·문화·스포츠', 212, '스태프', 1076, '촬영보조');
INSERT INTO occupation (
    id, job_group_code, job_group_name,
    job_type_code, job_type_name,
    job_role_code, job_role_name
) VALUES
    (1077, 19, '미디어·문화·스포츠', 212, '스태프', 1077, '방송제작');
INSERT INTO occupation (
    id, job_group_code, job_group_name,
    job_type_code, job_type_name,
    job_role_code, job_role_name
) VALUES
    (1078, 19, '미디어·문화·스포츠', 212, '스태프', 1078, '조명');
INSERT INTO occupation (
    id, job_group_code, job_group_name,
    job_type_code, job_type_name,
    job_role_code, job_role_name
) VALUES
    (1079, 19, '미디어·문화·스포츠', 212, '스태프', 1079, '음향');
INSERT INTO occupation (
    id, job_group_code, job_group_name,
    job_type_code, job_type_name,
    job_role_code, job_role_name
) VALUES
    (1080, 19, '미디어·문화·스포츠', 212, '스태프', 1080, '스크립터');
INSERT INTO occupation (
    id, job_group_code, job_group_name,
    job_type_code, job_type_name,
    job_role_code, job_role_name
) VALUES
    (1081, 19, '미디어·문화·스포츠', 212, '스태프', 1081, '특수효과');
INSERT INTO occupation (
    id, job_group_code, job_group_name,
    job_type_code, job_type_name,
    job_role_code, job_role_name
) VALUES
    (1082, 19, '미디어·문화·스포츠', 212, '스태프', 1082, '뮤지컬·연극');
INSERT INTO occupation (
    id, job_group_code, job_group_name,
    job_type_code, job_type_name,
    job_role_code, job_role_name
) VALUES
    (1083, 19, '미디어·문화·스포츠', 212, '스태프', 1083, '보조출연');
INSERT INTO occupation (
    id, job_group_code, job_group_name,
    job_type_code, job_type_name,
    job_role_code, job_role_name
) VALUES
    (1084, 19, '미디어·문화·스포츠', 213, '출판·편집', 1084, '출판기획');
INSERT INTO occupation (
    id, job_group_code, job_group_name,
    job_type_code, job_type_name,
    job_role_code, job_role_name
) VALUES
    (1085, 19, '미디어·문화·스포츠', 213, '출판·편집', 1085, '교정');
INSERT INTO occupation (
    id, job_group_code, job_group_name,
    job_type_code, job_type_name,
    job_role_code, job_role_name
) VALUES
    (1086, 19, '미디어·문화·스포츠', 213, '출판·편집', 1086, '인쇄·출력');
INSERT INTO occupation (
    id, job_group_code, job_group_name,
    job_type_code, job_type_name,
    job_role_code, job_role_name
) VALUES
    (1087, 19, '미디어·문화·스포츠', 213, '출판·편집', 1087, '제본');
INSERT INTO occupation (
    id, job_group_code, job_group_name,
    job_type_code, job_type_name,
    job_role_code, job_role_name
) VALUES
    (1088, 19, '미디어·문화·스포츠', 213, '출판·편집', 1088, '삽화·일러스트');
INSERT INTO occupation (
    id, job_group_code, job_group_name,
    job_type_code, job_type_name,
    job_role_code, job_role_name
) VALUES
    (1089, 19, '미디어·문화·스포츠', 214, '배급·제작자', 1089, '행사기획');
INSERT INTO occupation (
    id, job_group_code, job_group_name,
    job_type_code, job_type_name,
    job_role_code, job_role_name
) VALUES
    (1090, 19, '미디어·문화·스포츠', 214, '배급·제작자', 1090, '공연기획');
INSERT INTO occupation (
    id, job_group_code, job_group_name,
    job_type_code, job_type_name,
    job_role_code, job_role_name
) VALUES
    (1091, 19, '미디어·문화·스포츠', 214, '배급·제작자', 1091, '전시기획');
INSERT INTO occupation (
    id, job_group_code, job_group_name,
    job_type_code, job_type_name,
    job_role_code, job_role_name
) VALUES
    (1092, 19, '미디어·문화·스포츠', 214, '배급·제작자', 1092, '영상제작');
INSERT INTO occupation (
    id, job_group_code, job_group_name,
    job_type_code, job_type_name,
    job_role_code, job_role_name
) VALUES
    (1093, 19, '미디어·문화·스포츠', 214, '배급·제작자', 1093, '에이전트');
INSERT INTO occupation (
    id, job_group_code, job_group_name,
    job_type_code, job_type_name,
    job_role_code, job_role_name
) VALUES
    (1094, 19, '미디어·문화·스포츠', 214, '배급·제작자', 1094, '방송기획');
INSERT INTO occupation (
    id, job_group_code, job_group_name,
    job_type_code, job_type_name,
    job_role_code, job_role_name
) VALUES
    (1095, 19, '미디어·문화·스포츠', 214, '배급·제작자', 1095, '프로듀서');
INSERT INTO occupation (
    id, job_group_code, job_group_name,
    job_type_code, job_type_name,
    job_role_code, job_role_name
) VALUES
    (1096, 19, '미디어·문화·스포츠', 214, '배급·제작자', 1096, '캐스팅');
INSERT INTO occupation (
    id, job_group_code, job_group_name,
    job_type_code, job_type_name,
    job_role_code, job_role_name
) VALUES
    (1097, 19, '미디어·문화·스포츠', 214, '배급·제작자', 1097, '영화배급');
INSERT INTO occupation (
    id, job_group_code, job_group_name,
    job_type_code, job_type_name,
    job_role_code, job_role_name
) VALUES
    (1098, 19, '미디어·문화·스포츠', 214, '배급·제작자', 1098, '영화기획');
INSERT INTO occupation (
    id, job_group_code, job_group_name,
    job_type_code, job_type_name,
    job_role_code, job_role_name
) VALUES
    (1099, 19, '미디어·문화·스포츠', 214, '배급·제작자', 1099, '영화제작');
INSERT INTO occupation (
    id, job_group_code, job_group_name,
    job_type_code, job_type_name,
    job_role_code, job_role_name
) VALUES
    (1100, 19, '미디어·문화·스포츠', 216, '크리에이터', 1100, '영상제작');
INSERT INTO occupation (
    id, job_group_code, job_group_name,
    job_type_code, job_type_name,
    job_role_code, job_role_name
) VALUES
    (1101, 19, '미디어·문화·스포츠', 216, '크리에이터', 1101, '방송기획');
INSERT INTO occupation (
    id, job_group_code, job_group_name,
    job_type_code, job_type_name,
    job_role_code, job_role_name
) VALUES
    (1102, 19, '미디어·문화·스포츠', 216, '크리에이터', 1102, '방송제작');
INSERT INTO occupation (
    id, job_group_code, job_group_name,
    job_type_code, job_type_name,
    job_role_code, job_role_name
) VALUES
    (1103, 19, '미디어·문화·스포츠', 217, '기자', 1103, '취재기자');
INSERT INTO occupation (
    id, job_group_code, job_group_name,
    job_type_code, job_type_name,
    job_role_code, job_role_name
) VALUES
    (1104, 19, '미디어·문화·스포츠', 217, '기자', 1104, '신문기자');
INSERT INTO occupation (
    id, job_group_code, job_group_name,
    job_type_code, job_type_name,
    job_role_code, job_role_name
) VALUES
    (1105, 19, '미디어·문화·스포츠', 217, '기자', 1105, '편집기자');
INSERT INTO occupation (
    id, job_group_code, job_group_name,
    job_type_code, job_type_name,
    job_role_code, job_role_name
) VALUES
    (1106, 19, '미디어·문화·스포츠', 217, '기자', 1106, '촬영기자');
INSERT INTO occupation (
    id, job_group_code, job_group_name,
    job_type_code, job_type_name,
    job_role_code, job_role_name
) VALUES
    (1107, 19, '미디어·문화·스포츠', 217, '기자', 1107, '사진기자');
INSERT INTO occupation (
    id, job_group_code, job_group_name,
    job_type_code, job_type_name,
    job_role_code, job_role_name
) VALUES
    (1108, 19, '미디어·문화·스포츠', 218, '작가', 1108, '구성작가');
INSERT INTO occupation (
    id, job_group_code, job_group_name,
    job_type_code, job_type_name,
    job_role_code, job_role_name
) VALUES
    (1109, 19, '미디어·문화·스포츠', 218, '작가', 1109, '방송작가');
INSERT INTO occupation (
    id, job_group_code, job_group_name,
    job_type_code, job_type_name,
    job_role_code, job_role_name
) VALUES
    (1110, 19, '미디어·문화·스포츠', 218, '작가', 1110, '시나리오작가');
INSERT INTO occupation (
    id, job_group_code, job_group_name,
    job_type_code, job_type_name,
    job_role_code, job_role_name
) VALUES
    (1111, 19, '미디어·문화·스포츠', 218, '작가', 1111, '대본');
INSERT INTO occupation (
    id, job_group_code, job_group_name,
    job_type_code, job_type_name,
    job_role_code, job_role_name
) VALUES
    (1112, 19, '미디어·문화·스포츠', 218, '작가', 1112, '스크립터');
INSERT INTO occupation (
    id, job_group_code, job_group_name,
    job_type_code, job_type_name,
    job_role_code, job_role_name
) VALUES
    (1113, 19, '미디어·문화·스포츠', 218, '작가', 1113, '번역작가');
INSERT INTO occupation (
    id, job_group_code, job_group_name,
    job_type_code, job_type_name,
    job_role_code, job_role_name
) VALUES
    (1114, 19, '미디어·문화·스포츠', 218, '작가', 1114, '교정');
INSERT INTO occupation (
    id, job_group_code, job_group_name,
    job_type_code, job_type_name,
    job_role_code, job_role_name
) VALUES
    (1115, 19, '미디어·문화·스포츠', 219, '아나운서', 1115, '방송아나운서');
INSERT INTO occupation (
    id, job_group_code, job_group_name,
    job_type_code, job_type_name,
    job_role_code, job_role_name
) VALUES
    (1116, 19, '미디어·문화·스포츠', 219, '아나운서', 1116, '사내방송');
INSERT INTO occupation (
    id, job_group_code, job_group_name,
    job_type_code, job_type_name,
    job_role_code, job_role_name
) VALUES
    (1117, 19, '미디어·문화·스포츠', 219, '아나운서', 1117, '기상캐스트');
INSERT INTO occupation (
    id, job_group_code, job_group_name,
    job_type_code, job_type_name,
    job_role_code, job_role_name
) VALUES
    (1118, 19, '미디어·문화·스포츠', 220, '리포터·성우', 1118, '성우');
INSERT INTO occupation (
    id, job_group_code, job_group_name,
    job_type_code, job_type_name,
    job_role_code, job_role_name
) VALUES
    (1119, 19, '미디어·문화·스포츠', 220, '리포터·성우', 1119, '리포터');
INSERT INTO occupation (
    id, job_group_code, job_group_name,
    job_type_code, job_type_name,
    job_role_code, job_role_name
) VALUES
    (1120, 19, '미디어·문화·스포츠', 220, '리포터·성우', 1120, '더빙');
INSERT INTO occupation (
    id, job_group_code, job_group_name,
    job_type_code, job_type_name,
    job_role_code, job_role_name
) VALUES
    (1121, 19, '미디어·문화·스포츠', 221, 'MC·쇼호스트', 1121, '쇼호스트');
INSERT INTO occupation (
    id, job_group_code, job_group_name,
    job_type_code, job_type_name,
    job_role_code, job_role_name
) VALUES
    (1122, 19, '미디어·문화·스포츠', 221, 'MC·쇼호스트', 1122, 'MC');
INSERT INTO occupation (
    id, job_group_code, job_group_name,
    job_type_code, job_type_name,
    job_role_code, job_role_name
) VALUES
    (1123, 19, '미디어·문화·스포츠', 221, 'MC·쇼호스트', 1123, 'VJ');
INSERT INTO occupation (
    id, job_group_code, job_group_name,
    job_type_code, job_type_name,
    job_role_code, job_role_name
) VALUES
    (1124, 19, '미디어·문화·스포츠', 223, '연예인·매니저', 1124, '로드매니저');
INSERT INTO occupation (
    id, job_group_code, job_group_name,
    job_type_code, job_type_name,
    job_role_code, job_role_name
) VALUES
    (1125, 19, '미디어·문화·스포츠', 223, '연예인·매니저', 1125, '캐스팅');
INSERT INTO occupation (
    id, job_group_code, job_group_name,
    job_type_code, job_type_name,
    job_role_code, job_role_name
) VALUES
    (1126, 19, '미디어·문화·스포츠', 223, '연예인·매니저', 1126, '연기자');
INSERT INTO occupation (
    id, job_group_code, job_group_name,
    job_type_code, job_type_name,
    job_role_code, job_role_name
) VALUES
    (1127, 19, '미디어·문화·스포츠', 223, '연예인·매니저', 1127, '가수');
INSERT INTO occupation (
    id, job_group_code, job_group_name,
    job_type_code, job_type_name,
    job_role_code, job_role_name
) VALUES
    (1128, 19, '미디어·문화·스포츠', 223, '연예인·매니저', 1128, '뮤지컬·연극');
INSERT INTO occupation (
    id, job_group_code, job_group_name,
    job_type_code, job_type_name,
    job_role_code, job_role_name
) VALUES
    (1129, 19, '미디어·문화·스포츠', 225, '통번역사', 1129, '영어');
INSERT INTO occupation (
    id, job_group_code, job_group_name,
    job_type_code, job_type_name,
    job_role_code, job_role_name
) VALUES
    (1130, 19, '미디어·문화·스포츠', 225, '통번역사', 1130, '동시통역');
INSERT INTO occupation (
    id, job_group_code, job_group_name,
    job_type_code, job_type_name,
    job_role_code, job_role_name
) VALUES
    (1131, 19, '미디어·문화·스포츠', 225, '통번역사', 1131, '기타외국어');
INSERT INTO occupation (
    id, job_group_code, job_group_name,
    job_type_code, job_type_name,
    job_role_code, job_role_name
) VALUES
    (1132, 19, '미디어·문화·스포츠', 225, '통번역사', 1132, '일본어');
INSERT INTO occupation (
    id, job_group_code, job_group_name,
    job_type_code, job_type_name,
    job_role_code, job_role_name
) VALUES
    (1133, 19, '미디어·문화·스포츠', 225, '통번역사', 1133, '관광통역');
INSERT INTO occupation (
    id, job_group_code, job_group_name,
    job_type_code, job_type_name,
    job_role_code, job_role_name
) VALUES
    (1134, 19, '미디어·문화·스포츠', 225, '통번역사', 1134, '중국어');
INSERT INTO occupation (
    id, job_group_code, job_group_name,
    job_type_code, job_type_name,
    job_role_code, job_role_name
) VALUES
    (1135, 19, '미디어·문화·스포츠', 225, '통번역사', 1135, '외화번역');
INSERT INTO occupation (
    id, job_group_code, job_group_name,
    job_type_code, job_type_name,
    job_role_code, job_role_name
) VALUES
    (1136, 19, '미디어·문화·스포츠', 227, '음반기획', 1136, '작사·작곡');
INSERT INTO occupation (
    id, job_group_code, job_group_name,
    job_type_code, job_type_name,
    job_role_code, job_role_name
) VALUES
    (1137, 19, '미디어·문화·스포츠', 227, '음반기획', 1137, '프로듀서');
INSERT INTO occupation (
    id, job_group_code, job_group_name,
    job_type_code, job_type_name,
    job_role_code, job_role_name
) VALUES
    (1138, 19, '미디어·문화·스포츠', 227, '음반기획', 1138, '가수');
INSERT INTO occupation (
    id, job_group_code, job_group_name,
    job_type_code, job_type_name,
    job_role_code, job_role_name
) VALUES
    (1139, 19, '미디어·문화·스포츠', 227, '음반기획', 1139, '음향');
INSERT INTO occupation (
    id, job_group_code, job_group_name,
    job_type_code, job_type_name,
    job_role_code, job_role_name
) VALUES
    (1140, 19, '미디어·문화·스포츠', 228, '스포츠강사', 1140, '생활체육');
INSERT INTO occupation (
    id, job_group_code, job_group_name,
    job_type_code, job_type_name,
    job_role_code, job_role_name
) VALUES
    (1141, 19, '미디어·문화·스포츠', 228, '스포츠강사', 1141, '피트니스센터');
INSERT INTO occupation (
    id, job_group_code, job_group_name,
    job_type_code, job_type_name,
    job_role_code, job_role_name
) VALUES
    (1142, 19, '미디어·문화·스포츠', 228, '스포츠강사', 1142, '스포츠센터');
INSERT INTO occupation (
    id, job_group_code, job_group_name,
    job_type_code, job_type_name,
    job_role_code, job_role_name
) VALUES
    (1143, 19, '미디어·문화·스포츠', 228, '스포츠강사', 1143, '레포츠');
INSERT INTO occupation (
    id, job_group_code, job_group_name,
    job_type_code, job_type_name,
    job_role_code, job_role_name
) VALUES
    (1144, 19, '미디어·문화·스포츠', 228, '스포츠강사', 1144, '수영');
INSERT INTO occupation (
    id, job_group_code, job_group_name,
    job_type_code, job_type_name,
    job_role_code, job_role_name
) VALUES
    (1145, 19, '미디어·문화·스포츠', 228, '스포츠강사', 1145, '골프');
INSERT INTO occupation (
    id, job_group_code, job_group_name,
    job_type_code, job_type_name,
    job_role_code, job_role_name
) VALUES
    (1146, 19, '미디어·문화·스포츠', 228, '스포츠강사', 1146, '안전요원');
INSERT INTO occupation (
    id, job_group_code, job_group_name,
    job_type_code, job_type_name,
    job_role_code, job_role_name
) VALUES
    (1147, 19, '미디어·문화·스포츠', 228, '스포츠강사', 1147, '필라테스');
INSERT INTO occupation (
    id, job_group_code, job_group_name,
    job_type_code, job_type_name,
    job_role_code, job_role_name
) VALUES
    (1148, 19, '미디어·문화·스포츠', 228, '스포츠강사', 1148, '요가');
INSERT INTO occupation (
    id, job_group_code, job_group_name,
    job_type_code, job_type_name,
    job_role_code, job_role_name
) VALUES
    (1149, 20, '공공·복지', 230, '사회복지사', 1149, '장애인복지');
INSERT INTO occupation (
    id, job_group_code, job_group_name,
    job_type_code, job_type_name,
    job_role_code, job_role_name
) VALUES
    (1150, 20, '공공·복지', 230, '사회복지사', 1150, '노인복지');
INSERT INTO occupation (
    id, job_group_code, job_group_name,
    job_type_code, job_type_name,
    job_role_code, job_role_name
) VALUES
    (1151, 20, '공공·복지', 230, '사회복지사', 1151, '심리상담');
INSERT INTO occupation (
    id, job_group_code, job_group_name,
    job_type_code, job_type_name,
    job_role_code, job_role_name
) VALUES
    (1152, 20, '공공·복지', 230, '사회복지사', 1152, '생활복지');
INSERT INTO occupation (
    id, job_group_code, job_group_name,
    job_type_code, job_type_name,
    job_role_code, job_role_name
) VALUES
    (1153, 20, '공공·복지', 230, '사회복지사', 1153, '청소년복지');
INSERT INTO occupation (
    id, job_group_code, job_group_name,
    job_type_code, job_type_name,
    job_role_code, job_role_name
) VALUES
    (1154, 20, '공공·복지', 230, '사회복지사', 1154, '아동복지');
INSERT INTO occupation (
    id, job_group_code, job_group_name,
    job_type_code, job_type_name,
    job_role_code, job_role_name
) VALUES
    (1155, 20, '공공·복지', 230, '사회복지사', 1155, '자원봉사');
INSERT INTO occupation (
    id, job_group_code, job_group_name,
    job_type_code, job_type_name,
    job_role_code, job_role_name
) VALUES
    (1156, 20, '공공·복지', 230, '사회복지사', 1156, '재활교사');
INSERT INTO occupation (
    id, job_group_code, job_group_name,
    job_type_code, job_type_name,
    job_role_code, job_role_name
) VALUES
    (1157, 20, '공공·복지', 231, '요양보호사', 1157, '노인복지');
INSERT INTO occupation (
    id, job_group_code, job_group_name,
    job_type_code, job_type_name,
    job_role_code, job_role_name
) VALUES
    (1158, 20, '공공·복지', 231, '요양보호사', 1158, '생활복지');
INSERT INTO occupation (
    id, job_group_code, job_group_name,
    job_type_code, job_type_name,
    job_role_code, job_role_name
) VALUES
    (1159, 20, '공공·복지', 231, '요양보호사', 1159, '방문요양');
INSERT INTO occupation (
    id, job_group_code, job_group_name,
    job_type_code, job_type_name,
    job_role_code, job_role_name
) VALUES
    (1160, 20, '공공·복지', 232, '환경미화원', 1160, '청소·미화');
INSERT INTO occupation (
    id, job_group_code, job_group_name,
    job_type_code, job_type_name,
    job_role_code, job_role_name
) VALUES
    (1161, 20, '공공·복지', 232, '환경미화원', 1161, '환경관리');
INSERT INTO occupation (
    id, job_group_code, job_group_name,
    job_type_code, job_type_name,
    job_role_code, job_role_name
) VALUES
    (1162, 20, '공공·복지', 232, '환경미화원', 1162, '해충방제');
INSERT INTO occupation (
    id, job_group_code, job_group_name,
    job_type_code, job_type_name,
    job_role_code, job_role_name
) VALUES
    (1163, 20, '공공·복지', 233, '보건관리자', 1163, '산업안전');
INSERT INTO occupation (
    id, job_group_code, job_group_name,
    job_type_code, job_type_name,
    job_role_code, job_role_name
) VALUES
    (1164, 20, '공공·복지', 233, '보건관리자', 1164, '위험성평가');
INSERT INTO occupation (
    id, job_group_code, job_group_name,
    job_type_code, job_type_name,
    job_role_code, job_role_name
) VALUES
    (1165, 20, '공공·복지', 233, '보건관리자', 1165, '건설안전');
INSERT INTO occupation (
    id, job_group_code, job_group_name,
    job_type_code, job_type_name,
    job_role_code, job_role_name
) VALUES
    (1166, 20, '공공·복지', 234, '사서', 1166, '도서관리');
INSERT INTO occupation (
    id, job_group_code, job_group_name,
    job_type_code, job_type_name,
    job_role_code, job_role_name
) VALUES
    (1167, 20, '공공·복지', 234, '사서', 1167, '문헌수집');
INSERT INTO occupation (
    id, job_group_code, job_group_name,
    job_type_code, job_type_name,
    job_role_code, job_role_name
) VALUES
    (1168, 20, '공공·복지', 234, '사서', 1168, '사례관리');
INSERT INTO occupation (
    id, job_group_code, job_group_name,
    job_type_code, job_type_name,
    job_role_code, job_role_name
) VALUES
    (1169, 20, '공공·복지', 236, '방역·방재기사', 1169, '해충방제');
INSERT INTO occupation (
    id, job_group_code, job_group_name,
    job_type_code, job_type_name,
    job_role_code, job_role_name
) VALUES
    (1170, 20, '공공·복지', 236, '방역·방재기사', 1170, '소독');
INSERT INTO occupation (
    id, job_group_code, job_group_name,
    job_type_code, job_type_name,
    job_role_code, job_role_name
) VALUES
    (1171, 20, '공공·복지', 236, '방역·방재기사', 1171, '소방·방재');

-- 구직자(관리자) insert --
INSERT INTO user (id, role, name, address, email, password, gender, birth, phone,
        agree_service, agree_privacy, agree_marketing, agree_location, alert_bookmark, alert_resume,
        status, created_by, created_at, updated_by, updated_at)
    VALUES (
        1, 'admin', '권영자', '충청남도 천안시 서북구 불당대로 50', 'user1@example.com', 'pass1234!', 'f', '1983-03-06', '01015433721',
        'n', 'n', 'n', 'n', 'n', 'n',
        'y', '권영자', CURRENT_TIMESTAMP, '권영자', CURRENT_TIMESTAMP
    );
INSERT INTO user (id, role, name, address, email, password, gender, birth, phone,
        agree_service, agree_privacy, agree_marketing, agree_location, alert_bookmark, alert_resume,
        status, created_by, created_at, updated_by, updated_at)
    VALUES (
        2, 'user', '박하은', '광주광역시 북구 우치로 77', 'user2@example.com', 'pass1234!', 'm', '2002-08-09', '01047827635',
        'y', 'y', 'n', 'y', 'n', 'y',
        'y', '박하은', CURRENT_TIMESTAMP, '박하은', CURRENT_TIMESTAMP
    );
INSERT INTO user (id, role, name, address, email, password, gender, birth, phone,
        agree_service, agree_privacy, agree_marketing, agree_location, alert_bookmark, alert_resume,
        status, created_by, created_at, updated_by, updated_at)
    VALUES (
        3, 'user', '박영환', '서울특별시 종로구 세종대로 175', 'user3@example.com', 'pass1234!', 'f', '2005-04-07', '01073369922',
        'y', 'n', 'n', 'n', 'y', 'n',
        'y', '박영환', CURRENT_TIMESTAMP, '박영환', CURRENT_TIMESTAMP
    );
INSERT INTO user (id, role, name, address, email, password, gender, birth, phone,
        agree_service, agree_privacy, agree_marketing, agree_location, alert_bookmark, alert_resume,
        status, created_by, created_at, updated_by, updated_at)
    VALUES (
        4, 'user', '김민수', '전라남도 여수시 시청로 1', 'user4@example.com', 'pass1234!', 'f', '1977-08-05', '01018359024',
        'y', 'y', 'n', 'y', 'n', 'n',
        'y', '김민수', CURRENT_TIMESTAMP, '김민수', CURRENT_TIMESTAMP
    );
INSERT INTO user (id, role, name, address, email, password, gender, birth, phone,
        agree_service, agree_privacy, agree_marketing, agree_location, alert_bookmark, alert_resume,
        status, created_by, created_at, updated_by, updated_at)
    VALUES (
        5, 'user', '김하은', '대전광역시 유성구 대학로 99', 'user5@example.com', 'pass1234!', 'f', '1998-05-12', '01018453606',
        'y', 'y', 'y', 'y', 'n', 'y',
        'y', '김하은', CURRENT_TIMESTAMP, '김하은', CURRENT_TIMESTAMP
    );
INSERT INTO user (id, role, name, address, email, password, gender, birth, phone,
        agree_service, agree_privacy, agree_marketing, agree_location, alert_bookmark, alert_resume,
        status, created_by, created_at, updated_by, updated_at)
    VALUES (
        6, 'user', '배숙자', '서울특별시 종로구 세종대로 175', 'user6@example.com', 'pass1234!', 'f', '1999-03-15', '01078174638',
        'n', 'y', 'n', 'n', 'y', 'n',
        'y', '배숙자', CURRENT_TIMESTAMP, '배숙자', CURRENT_TIMESTAMP
    );
INSERT INTO user (id, role, name, address, email, password, gender, birth, phone,
        agree_service, agree_privacy, agree_marketing, agree_location, alert_bookmark, alert_resume,
        status, created_by, created_at, updated_by, updated_at)
    VALUES (
        7, 'user', '고성진', '제주특별자치도 제주시 중앙로 217', 'user7@example.com', 'pass1234!', 'm', '1993-06-01', '01090958204',
        'n', 'n', 'y', 'n', 'n', 'y',
        'y', '고성진', CURRENT_TIMESTAMP, '고성진', CURRENT_TIMESTAMP
    );
INSERT INTO user (id, role, name, address, email, password, gender, birth, phone,
        agree_service, agree_privacy, agree_marketing, agree_location, alert_bookmark, alert_resume,
        status, created_by, created_at, updated_by, updated_at)
    VALUES (
        8, 'user', '이우진', '경기도 수원시 팔달구 인계로 123', 'user8@example.com', 'pass1234!', 'm', '1981-04-29', '01035419673',
        'y', 'y', 'n', 'n', 'y', 'y',
        'y', '이우진', CURRENT_TIMESTAMP, '이우진', CURRENT_TIMESTAMP
    );
INSERT INTO user (id, role, name, address, email, password, gender, birth, phone,
        agree_service, agree_privacy, agree_marketing, agree_location, alert_bookmark, alert_resume,
        status, created_by, created_at, updated_by, updated_at)
    VALUES (
        9, 'user', '박채원', '대구광역시 달서구 이곡동 100', 'user9@example.com', 'pass1234!', 'm', '1983-03-26', '01015186383',
        'y', 'n', 'n', 'y', 'y', 'n',
        'y', '박채원', CURRENT_TIMESTAMP, '박채원', CURRENT_TIMESTAMP
    );
INSERT INTO user (id, role, name, address, email, password, gender, birth, phone,
        agree_service, agree_privacy, agree_marketing, agree_location, alert_bookmark, alert_resume,
        status, created_by, created_at, updated_by, updated_at)
    VALUES (
        10, 'user', '허지훈', '울산광역시 남구 돋질로 17', 'user10@example.com', 'pass1234!', 'f', '1977-07-17', '01076123086',
        'n', 'y', 'n', 'y', 'n', 'n',
        'y', '허지훈', CURRENT_TIMESTAMP, '허지훈', CURRENT_TIMESTAMP
    );
INSERT INTO user (id, role, name, address, email, password, gender, birth, phone,
        agree_service, agree_privacy, agree_marketing, agree_location, alert_bookmark, alert_resume,
        status, created_by, created_at, updated_by, updated_at)
    VALUES (
        11, 'user', '이지은', '광주광역시 북구 우치로 77', 'user11@example.com', 'pass1234!', 'm', '1997-02-06', '01012175538',
        'n', 'y', 'y', 'n', 'y', 'n',
        'y', '이지은', CURRENT_TIMESTAMP, '이지은', CURRENT_TIMESTAMP
    );
INSERT INTO user (id, role, name, address, email, password, gender, birth, phone,
        agree_service, agree_privacy, agree_marketing, agree_location, alert_bookmark, alert_resume,
        status, created_by, created_at, updated_by, updated_at)
    VALUES (
        12, 'user', '강지은', '전라북도 전주시 완산구 전주천동로 45', 'user12@example.com', 'pass1234!', 'm', '1985-09-14', '01023503312',
        'y', 'y', 'y', 'y', 'y', 'y',
        'y', '강지은', CURRENT_TIMESTAMP, '강지은', CURRENT_TIMESTAMP
    );
INSERT INTO user (id, role, name, address, email, password, gender, birth, phone,
        agree_service, agree_privacy, agree_marketing, agree_location, alert_bookmark, alert_resume,
        status, created_by, created_at, updated_by, updated_at)
    VALUES (
        13, 'user', '이준호', '광주광역시 북구 우치로 77', 'user13@example.com', 'pass1234!', 'm', '1980-11-13', '01062507238',
        'y', 'n', 'y', 'y', 'y', 'y',
        'y', '이준호', CURRENT_TIMESTAMP, '이준호', CURRENT_TIMESTAMP
    );
INSERT INTO user (id, role, name, address, email, password, gender, birth, phone,
        agree_service, agree_privacy, agree_marketing, agree_location, alert_bookmark, alert_resume,
        status, created_by, created_at, updated_by, updated_at)
    VALUES (
        14, 'user', '김지원', '인천광역시 연수구 송도과학로 70', 'user14@example.com', 'pass1234!', 'm', '1979-03-20', '01074321652',
        'y', 'y', 'y', 'n', 'y', 'n',
        'y', '김지원', CURRENT_TIMESTAMP, '김지원', CURRENT_TIMESTAMP
    );
INSERT INTO user (id, role, name, address, email, password, gender, birth, phone,
        agree_service, agree_privacy, agree_marketing, agree_location, alert_bookmark, alert_resume,
        status, created_by, created_at, updated_by, updated_at)
    VALUES (
        15, 'user', '박미경', '서울특별시 종로구 세종대로 175', 'user15@example.com', 'pass1234!', 'm', '1985-04-04', '01019659876',
        'n', 'n', 'n', 'y', 'y', 'n',
        'y', '박미경', CURRENT_TIMESTAMP, '박미경', CURRENT_TIMESTAMP
    );
INSERT INTO user (id, role, name, address, email, password, gender, birth, phone,
        agree_service, agree_privacy, agree_marketing, agree_location, alert_bookmark, alert_resume,
        status, created_by, created_at, updated_by, updated_at)
    VALUES (
        16, 'user', '엄예지', '서울특별시 송파구 올림픽로 35', 'user16@example.com', 'pass1234!', 'm', '1984-08-16', '01062516202',
        'y', 'n', 'n', 'n', 'y', 'y',
        'y', '엄예지', CURRENT_TIMESTAMP, '엄예지', CURRENT_TIMESTAMP
    );
INSERT INTO user (id, role, name, address, email, password, gender, birth, phone,
        agree_service, agree_privacy, agree_marketing, agree_location, alert_bookmark, alert_resume,
        status, created_by, created_at, updated_by, updated_at)
    VALUES (
        17, 'user', '한유진', '서울특별시 송파구 올림픽로 35', 'user17@example.com', 'pass1234!', 'm', '2002-01-29', '01031737107',
        'n', 'n', 'y', 'n', 'y', 'y',
        'y', '한유진', CURRENT_TIMESTAMP, '한유진', CURRENT_TIMESTAMP
    );
INSERT INTO user (id, role, name, address, email, password, gender, birth, phone,
        agree_service, agree_privacy, agree_marketing, agree_location, alert_bookmark, alert_resume,
        status, created_by, created_at, updated_by, updated_at)
    VALUES (
        18, 'user', '김지우', '경상북도 포항시 북구 삼호로 55', 'user18@example.com', 'pass1234!', 'f', '1992-12-26', '01086385018',
        'n', 'n', 'n', 'n', 'y', 'y',
        'y', '김지우', CURRENT_TIMESTAMP, '김지우', CURRENT_TIMESTAMP
    );
INSERT INTO user (id, role, name, address, email, password, gender, birth, phone,
        agree_service, agree_privacy, agree_marketing, agree_location, alert_bookmark, alert_resume,
        status, created_by, created_at, updated_by, updated_at)
    VALUES (
        19, 'user', '박은서', '전라남도 여수시 시청로 1', 'user19@example.com', 'pass1234!', 'm', '1987-06-19', '01055085956',
        'y', 'n', 'y', 'y', 'n', 'n',
        'y', '박은서', CURRENT_TIMESTAMP, '박은서', CURRENT_TIMESTAMP
    );
INSERT INTO user (id, role, name, address, email, password, gender, birth, phone,
        agree_service, agree_privacy, agree_marketing, agree_location, alert_bookmark, alert_resume,
        status, created_by, created_at, updated_by, updated_at)
    VALUES (
        20, 'user', '김병철', '경기도 수원시 팔달구 인계로 123', 'user20@example.com', 'pass1234!', 'f', '2002-04-26', '01089225729',
        'y', 'n', 'n', 'n', 'y', 'y',
        'y', '김병철', CURRENT_TIMESTAMP, '김병철', CURRENT_TIMESTAMP
    );
INSERT INTO user (id, role, name, address, email, password, gender, birth, phone,
        agree_service, agree_privacy, agree_marketing, agree_location, alert_bookmark, alert_resume,
        status, created_by, created_at, updated_by, updated_at)
    VALUES (
        21, 'user', '강재호', '광주광역시 북구 우치로 77', 'user21@example.com', 'pass1234!', 'f', '1990-08-01', '01031485544',
        'y', 'y', 'n', 'n', 'n', 'y',
        'y', '강재호', CURRENT_TIMESTAMP, '강재호', CURRENT_TIMESTAMP
    );
INSERT INTO user (id, role, name, address, email, password, gender, birth, phone,
        agree_service, agree_privacy, agree_marketing, agree_location, alert_bookmark, alert_resume,
        status, created_by, created_at, updated_by, updated_at)
    VALUES (
        22, 'user', '장민수', '충청남도 천안시 서북구 불당대로 50', 'user22@example.com', 'pass1234!', 'f', '1979-06-16', '01098878427',
        'y', 'y', 'n', 'y', 'n', 'y',
        'y', '장민수', CURRENT_TIMESTAMP, '장민수', CURRENT_TIMESTAMP
    );
INSERT INTO user (id, role, name, address, email, password, gender, birth, phone,
        agree_service, agree_privacy, agree_marketing, agree_location, alert_bookmark, alert_resume,
        status, created_by, created_at, updated_by, updated_at)
    VALUES (
        23, 'user', '홍하윤', '전라남도 여수시 시청로 1', 'user23@example.com', 'pass1234!', 'f', '2002-08-02', '01085350493',
        'y', 'y', 'n', 'n', 'n', 'n',
        'y', '홍하윤', CURRENT_TIMESTAMP, '홍하윤', CURRENT_TIMESTAMP
    );
INSERT INTO user (id, role, name, address, email, password, gender, birth, phone,
        agree_service, agree_privacy, agree_marketing, agree_location, alert_bookmark, alert_resume,
        status, created_by, created_at, updated_by, updated_at)
    VALUES (
        24, 'user', '이정자', '서울특별시 송파구 올림픽로 35', 'user24@example.com', 'pass1234!', 'f', '1983-09-30', '01035233106',
        'y', 'y', 'y', 'n', 'n', 'n',
        'y', '이정자', CURRENT_TIMESTAMP, '이정자', CURRENT_TIMESTAMP
    );
INSERT INTO user (id, role, name, address, email, password, gender, birth, phone,
        agree_service, agree_privacy, agree_marketing, agree_location, alert_bookmark, alert_resume,
        status, created_by, created_at, updated_by, updated_at)
    VALUES (
        25, 'user', '김서영', '서울특별시 강남구 테헤란로 123', 'user25@example.com', 'pass1234!', 'm', '1997-06-27', '01011918147',
        'y', 'y', 'y', 'y', 'y', 'n',
        'y', '김서영', CURRENT_TIMESTAMP, '김서영', CURRENT_TIMESTAMP
    );
INSERT INTO user (id, role, name, address, email, password, gender, birth, phone,
        agree_service, agree_privacy, agree_marketing, agree_location, alert_bookmark, alert_resume,
        status, created_by, created_at, updated_by, updated_at)
    VALUES (
        26, 'user', '하은경', '울산광역시 남구 돋질로 17', 'user26@example.com', 'pass1234!', 'm', '1989-09-12', '01023446024',
        'n', 'n', 'y', 'y', 'n', 'n',
        'y', '하은경', CURRENT_TIMESTAMP, '하은경', CURRENT_TIMESTAMP
    );
INSERT INTO user (id, role, name, address, email, password, gender, birth, phone,
        agree_service, agree_privacy, agree_marketing, agree_location, alert_bookmark, alert_resume,
        status, created_by, created_at, updated_by, updated_at)
    VALUES (
        27, 'user', '윤정식', '부산광역시 해운대구 센텀서로 30', 'user27@example.com', 'pass1234!', 'f', '2001-05-12', '01027907403',
        'n', 'y', 'y', 'n', 'y', 'y',
        'y', '윤정식', CURRENT_TIMESTAMP, '윤정식', CURRENT_TIMESTAMP
    );
INSERT INTO user (id, role, name, address, email, password, gender, birth, phone,
        agree_service, agree_privacy, agree_marketing, agree_location, alert_bookmark, alert_resume,
        status, created_by, created_at, updated_by, updated_at)
    VALUES (
        28, 'user', '이민석', '서울특별시 송파구 올림픽로 35', 'user28@example.com', 'pass1234!', 'm', '1994-05-05', '01044852234',
        'n', 'n', 'y', 'n', 'n', 'n',
        'y', '이민석', CURRENT_TIMESTAMP, '이민석', CURRENT_TIMESTAMP
    );
INSERT INTO user (id, role, name, address, email, password, gender, birth, phone,
        agree_service, agree_privacy, agree_marketing, agree_location, alert_bookmark, alert_resume,
        status, created_by, created_at, updated_by, updated_at)
    VALUES (
        29, 'user', '홍서현', '충청북도 청주시 상당구 상당로 100', 'user29@example.com', 'pass1234!', 'm', '1999-04-04', '01037896363',
        'n', 'n', 'y', 'y', 'y', 'n',
        'y', '홍서현', CURRENT_TIMESTAMP, '홍서현', CURRENT_TIMESTAMP
    );
INSERT INTO user (id, role, name, address, email, password, gender, birth, phone,
        agree_service, agree_privacy, agree_marketing, agree_location, alert_bookmark, alert_resume,
        status, created_by, created_at, updated_by, updated_at)
    VALUES (
        30, 'user', '한성호', '강원도 춘천시 중앙로 1', 'user30@example.com', 'pass1234!', 'f', '1980-03-02', '01059284947',
        'y', 'n', 'y', 'y', 'n', 'y',
        'y', '한성호', CURRENT_TIMESTAMP, '한성호', CURRENT_TIMESTAMP
    );
INSERT INTO user (id, role, name, address, email, password, gender, birth, phone,
        agree_service, agree_privacy, agree_marketing, agree_location, alert_bookmark, alert_resume,
        status, created_by, created_at, updated_by, updated_at)
    VALUES (
        31, 'user', '송동현', '대구광역시 달서구 이곡동 100', 'user31@example.com', 'pass1234!', 'f', '1979-05-07', '01058440065',
        'n', 'y', 'n', 'y', 'n', 'y',
        'y', '송동현', CURRENT_TIMESTAMP, '송동현', CURRENT_TIMESTAMP
    );
INSERT INTO user (id, role, name, address, email, password, gender, birth, phone,
        agree_service, agree_privacy, agree_marketing, agree_location, alert_bookmark, alert_resume,
        status, created_by, created_at, updated_by, updated_at)
    VALUES (
        32, 'user', '김지은', '서울특별시 송파구 올림픽로 35', 'user32@example.com', 'pass1234!', 'f', '1995-12-12', '01034103738',
        'y', 'n', 'n', 'n', 'n', 'n',
        'y', '김지은', CURRENT_TIMESTAMP, '김지은', CURRENT_TIMESTAMP
    );
INSERT INTO user (id, role, name, address, email, password, gender, birth, phone,
        agree_service, agree_privacy, agree_marketing, agree_location, alert_bookmark, alert_resume,
        status, created_by, created_at, updated_by, updated_at)
    VALUES (
        33, 'user', '박정순', '부산광역시 해운대구 센텀서로 30', 'user33@example.com', 'pass1234!', 'm', '1975-04-11', '01085273326',
        'n', 'n', 'n', 'n', 'y', 'n',
        'y', '박정순', CURRENT_TIMESTAMP, '박정순', CURRENT_TIMESTAMP
    );
INSERT INTO user (id, role, name, address, email, password, gender, birth, phone,
        agree_service, agree_privacy, agree_marketing, agree_location, alert_bookmark, alert_resume,
        status, created_by, created_at, updated_by, updated_at)
    VALUES (
        34, 'user', '김준영', '부산광역시 해운대구 센텀서로 30', 'user34@example.com', 'pass1234!', 'f', '1978-06-10', '01067248602',
        'y', 'n', 'n', 'y', 'y', 'n',
        'y', '김준영', CURRENT_TIMESTAMP, '김준영', CURRENT_TIMESTAMP
    );
INSERT INTO user (id, role, name, address, email, password, gender, birth, phone,
        agree_service, agree_privacy, agree_marketing, agree_location, alert_bookmark, alert_resume,
        status, created_by, created_at, updated_by, updated_at)
    VALUES (
        35, 'user', '이현우', '서울특별시 종로구 세종대로 175', 'user35@example.com', 'pass1234!', 'm', '1975-08-10', '01021364157',
        'y', 'y', 'y', 'n', 'y', 'y',
        'y', '이현우', CURRENT_TIMESTAMP, '이현우', CURRENT_TIMESTAMP
    );
INSERT INTO user (id, role, name, address, email, password, gender, birth, phone,
        agree_service, agree_privacy, agree_marketing, agree_location, alert_bookmark, alert_resume,
        status, created_by, created_at, updated_by, updated_at)
    VALUES (
        36, 'user', '김현지', '충청남도 천안시 서북구 불당대로 50', 'user36@example.com', 'pass1234!', 'f', '1998-10-20', '01070202594',
        'n', 'y', 'n', 'y', 'n', 'y',
        'y', '김현지', CURRENT_TIMESTAMP, '김현지', CURRENT_TIMESTAMP
    );
INSERT INTO user (id, role, name, address, email, password, gender, birth, phone,
        agree_service, agree_privacy, agree_marketing, agree_location, alert_bookmark, alert_resume,
        status, created_by, created_at, updated_by, updated_at)
    VALUES (
        37, 'user', '김주원', '울산광역시 남구 돋질로 17', 'user37@example.com', 'pass1234!', 'm', '1997-06-25', '01067877506',
        'y', 'n', 'y', 'y', 'y', 'n',
        'y', '김주원', CURRENT_TIMESTAMP, '김주원', CURRENT_TIMESTAMP
    );
INSERT INTO user (id, role, name, address, email, password, gender, birth, phone,
        agree_service, agree_privacy, agree_marketing, agree_location, alert_bookmark, alert_resume,
        status, created_by, created_at, updated_by, updated_at)
    VALUES (
        38, 'user', '이동현', '광주광역시 북구 우치로 77', 'user38@example.com', 'pass1234!', 'm', '1983-03-19', '01076717951',
        'n', 'n', 'y', 'y', 'y', 'y',
        'y', '이동현', CURRENT_TIMESTAMP, '이동현', CURRENT_TIMESTAMP
    );
INSERT INTO user (id, role, name, address, email, password, gender, birth, phone,
        agree_service, agree_privacy, agree_marketing, agree_location, alert_bookmark, alert_resume,
        status, created_by, created_at, updated_by, updated_at)
    VALUES (
        39, 'user', '김성민', '부산광역시 해운대구 센텀서로 30', 'user39@example.com', 'pass1234!', 'm', '1989-03-16', '01071526486',
        'n', 'n', 'y', 'y', 'n', 'y',
        'y', '김성민', CURRENT_TIMESTAMP, '김성민', CURRENT_TIMESTAMP
    );
INSERT INTO user (id, role, name, address, email, password, gender, birth, phone,
        agree_service, agree_privacy, agree_marketing, agree_location, alert_bookmark, alert_resume,
        status, created_by, created_at, updated_by, updated_at)
    VALUES (
        40, 'user', '박광수', '충청남도 천안시 서북구 불당대로 50', 'user40@example.com', 'pass1234!', 'f', '1977-10-20', '01079958124',
        'n', 'n', 'n', 'n', 'y', 'y',
        'y', '박광수', CURRENT_TIMESTAMP, '박광수', CURRENT_TIMESTAMP
    );
INSERT INTO user (id, role, name, address, email, password, gender, birth, phone,
        agree_service, agree_privacy, agree_marketing, agree_location, alert_bookmark, alert_resume,
        status, created_by, created_at, updated_by, updated_at)
    VALUES (
        41, 'user', '이선영', '서울특별시 강남구 테헤란로 123', 'user41@example.com', 'pass1234!', 'f', '2005-02-20', '01052716058',
        'n', 'y', 'y', 'n', 'y', 'n',
        'y', '이선영', CURRENT_TIMESTAMP, '이선영', CURRENT_TIMESTAMP
    );
INSERT INTO user (id, role, name, address, email, password, gender, birth, phone,
        agree_service, agree_privacy, agree_marketing, agree_location, alert_bookmark, alert_resume,
        status, created_by, created_at, updated_by, updated_at)
    VALUES (
        42, 'user', '홍하은', '경기도 수원시 팔달구 인계로 123', 'user42@example.com', 'pass1234!', 'f', '1980-02-18', '01018906571',
        'y', 'y', 'y', 'y', 'y', 'y',
        'y', '홍하은', CURRENT_TIMESTAMP, '홍하은', CURRENT_TIMESTAMP
    );
INSERT INTO user (id, role, name, address, email, password, gender, birth, phone,
        agree_service, agree_privacy, agree_marketing, agree_location, alert_bookmark, alert_resume,
        status, created_by, created_at, updated_by, updated_at)
    VALUES (
        43, 'user', '김지연', '경기도 수원시 팔달구 인계로 123', 'user43@example.com', 'pass1234!', 'm', '2001-03-14', '01070208609',
        'n', 'y', 'y', 'n', 'n', 'n',
        'y', '김지연', CURRENT_TIMESTAMP, '김지연', CURRENT_TIMESTAMP
    );
INSERT INTO user (id, role, name, address, email, password, gender, birth, phone,
        agree_service, agree_privacy, agree_marketing, agree_location, alert_bookmark, alert_resume,
        status, created_by, created_at, updated_by, updated_at)
    VALUES (
        44, 'user', '홍순자', '경상남도 창원시 의창구 중앙대로 151', 'user44@example.com', 'pass1234!', 'm', '1982-11-24', '01087023860',
        'y', 'y', 'n', 'y', 'n', 'n',
        'y', '홍순자', CURRENT_TIMESTAMP, '홍순자', CURRENT_TIMESTAMP
    );
INSERT INTO user (id, role, name, address, email, password, gender, birth, phone,
        agree_service, agree_privacy, agree_marketing, agree_location, alert_bookmark, alert_resume,
        status, created_by, created_at, updated_by, updated_at)
    VALUES (
        45, 'user', '허정남', '경상북도 포항시 북구 삼호로 55', 'user45@example.com', 'pass1234!', 'f', '1974-10-26', '01091527862',
        'y', 'y', 'y', 'y', 'n', 'n',
        'y', '허정남', CURRENT_TIMESTAMP, '허정남', CURRENT_TIMESTAMP
    );
INSERT INTO user (id, role, name, address, email, password, gender, birth, phone,
        agree_service, agree_privacy, agree_marketing, agree_location, alert_bookmark, alert_resume,
        status, created_by, created_at, updated_by, updated_at)
    VALUES (
        46, 'user', '이영호', '강원도 춘천시 중앙로 1', 'user46@example.com', 'pass1234!', 'm', '1991-09-03', '01076237793',
        'n', 'n', 'n', 'n', 'n', 'y',
        'y', '이영호', CURRENT_TIMESTAMP, '이영호', CURRENT_TIMESTAMP
    );
INSERT INTO user (id, role, name, address, email, password, gender, birth, phone,
        agree_service, agree_privacy, agree_marketing, agree_location, alert_bookmark, alert_resume,
        status, created_by, created_at, updated_by, updated_at)
    VALUES (
        47, 'user', '윤영숙', '인천광역시 연수구 송도과학로 70', 'user47@example.com', 'pass1234!', 'm', '1996-09-28', '01042071554',
        'n', 'n', 'y', 'y', 'n', 'n',
        'y', '윤영숙', CURRENT_TIMESTAMP, '윤영숙', CURRENT_TIMESTAMP
    );
INSERT INTO user (id, role, name, address, email, password, gender, birth, phone,
        agree_service, agree_privacy, agree_marketing, agree_location, alert_bookmark, alert_resume,
        status, created_by, created_at, updated_by, updated_at)
    VALUES (
        48, 'user', '최건우', '대구광역시 달서구 이곡동 100', 'user48@example.com', 'pass1234!', 'f', '1999-08-07', '01090794603',
        'y', 'y', 'n', 'n', 'y', 'n',
        'y', '최건우', CURRENT_TIMESTAMP, '최건우', CURRENT_TIMESTAMP
    );
INSERT INTO user (id, role, name, address, email, password, gender, birth, phone,
        agree_service, agree_privacy, agree_marketing, agree_location, alert_bookmark, alert_resume,
        status, created_by, created_at, updated_by, updated_at)
    VALUES (
        49, 'user', '서영철', '충청남도 천안시 서북구 불당대로 50', 'user49@example.com', 'pass1234!', 'f', '1978-12-15', '01016312651',
        'y', 'n', 'y', 'y', 'y', 'y',
        'y', '서영철', CURRENT_TIMESTAMP, '서영철', CURRENT_TIMESTAMP
    );
INSERT INTO user (id, role, name, address, email, password, gender, birth, phone,
        agree_service, agree_privacy, agree_marketing, agree_location, alert_bookmark, alert_resume,
        status, created_by, created_at, updated_by, updated_at)
    VALUES (
        50, 'user', '곽성현', '강원도 춘천시 중앙로 1', 'user50@example.com', 'pass1234!', 'm', '1984-02-29', '01083704828',
        'n', 'y', 'n', 'n', 'y', 'y',
        'y', '곽성현', CURRENT_TIMESTAMP, '곽성현', CURRENT_TIMESTAMP
    );

-- 기업 회원 insert --
INSERT INTO company VALUES (1, 'company1@example.com', 'EncryptedPw#1!', '(유) 박', '01064704708', 8990326274, '경기도 성남시 분당구 정자일로 155', '물류', 2011, 445, 635, 596, 20, 'y', 'y', 'y', 'y', 'y', 'company1@example.com', '2020-02-13 15:39:46', NULL, NULL);
INSERT INTO company VALUES (2, 'company2@example.com', 'EncryptedPw#1!', '김이김', '01035538302', 8168199984, '서울특별시 강남구 테헤란로 123', '광고', 1985, 296, 785, 396, 90, 'y', 'y', 'y', 'n', 'n', 'company2@example.com', '2024-02-17 16:19:14', NULL, NULL);
INSERT INTO company VALUES (3, 'company3@example.com', 'EncryptedPw#1!', '김김', '01011913606', 4609423308, '울산광역시 남구 중앙로 201', '에너지', 1985, 245, 145, 51, 89, 'y', 'y', 'y', 'n', 'n', 'company3@example.com', '2020-08-25 16:39:43', NULL, NULL);
INSERT INTO company VALUES (4, 'company4@example.com', 'EncryptedPw#1!', '(주) 이김황', '01084125359', 1513203238, '서울특별시 송파구 올림픽로 300', '의료', 2023, 359, 455, 417, 72, 'y', 'y', 'y', 'n', 'n', 'company4@example.com', '2021-10-30 10:44:47', NULL, NULL);
INSERT INTO company VALUES (5, 'company5@example.com', 'EncryptedPw#1!', '정서고', '01031039405', 8342404912, '서울특별시 마포구 월드컵북로 396', '금융', 2018, 49, 948, 946, 39, 'y', 'y', 'y', 'y', 'n', 'company5@example.com', '2024-02-27 05:53:34', NULL, NULL);
INSERT INTO company VALUES (6, 'company6@example.com', 'EncryptedPw#1!', '(유) 김김김', '01051082421', 7380715425, '울산광역시 남구 중앙로 201', '물류', 1985, 223, 926, 735, 78, 'y', 'y', 'y', 'n', 'y', 'company6@example.com', '2024-06-14 20:33:12', NULL, NULL);
INSERT INTO company VALUES (7, 'company7@example.com', 'EncryptedPw#1!', '전송', '01035128396', 5236164204, '대구광역시 동구 동대구로 550', '제조업', 1990, 50, 723, 77, 5, 'y', 'y', 'y', 'y', 'y', 'company7@example.com', '2022-12-21 23:07:25', NULL, NULL);
INSERT INTO company VALUES (8, 'company8@example.com', 'EncryptedPw#1!', '주식회사 이', '01055872198', 6188951903, '대구광역시 동구 동대구로 550', '의료', 2014, 347, 288, 30, 80, 'y', 'y', 'y', 'y', 'n', 'company8@example.com', '2022-04-11 02:23:33', NULL, NULL);
INSERT INTO company VALUES (9, 'company9@example.com', 'EncryptedPw#1!', '강김', '01087889803', 1042661030, '서울특별시 송파구 올림픽로 300', '광고', 1987, 86, 852, 83, 46, 'y', 'y', 'y', 'y', 'n', 'company9@example.com', '2023-09-06 19:34:37', NULL, NULL);
INSERT INTO company VALUES (10, 'company10@example.com', 'EncryptedPw#1!', '장이', '01013556823', 8879776966, '서울특별시 송파구 올림픽로 300', '의료', 2011, 370, 211, 80, 68, 'y', 'y', 'y', 'n', 'y', 'company10@example.com', '2025-01-19 22:11:54', NULL, NULL);
INSERT INTO company VALUES (11, 'company11@example.com', 'EncryptedPw#1!', '김임남', '01093431587', 7086202098, '대전광역시 서구 둔산중로 134', '금융', 2012, 187, 715, 294, 83, 'y', 'y', 'y', 'n', 'y', 'company11@example.com', '2024-05-13 16:23:16', NULL, NULL);
INSERT INTO company VALUES (12, 'company12@example.com', 'EncryptedPw#1!', '조장', '01053092888', 2556972428, '대구광역시 동구 동대구로 550', '식품', 1970, 155, 287, 276, 39, 'y', 'y', 'y', 'n', 'y', 'company12@example.com', '2022-03-14 00:21:22', NULL, NULL);
INSERT INTO company VALUES (13, 'company13@example.com', 'EncryptedPw#1!', '유한회사 김', '01076814642', 4757481320, '대전광역시 서구 둔산중로 134', '의료', 1993, 114, 120, 8, 10, 'y', 'y', 'y', 'y', 'n', 'company13@example.com', '2020-02-24 05:17:20', NULL, NULL);
INSERT INTO company VALUES (14, 'company14@example.com', 'EncryptedPw#1!', '황김', '01032111389', 8401460904, '대구광역시 동구 동대구로 550', '광고', 2021, 60, 851, 540, 36, 'y', 'y', 'y', 'y', 'n', 'company14@example.com', '2020-03-17 04:18:48', NULL, NULL);
INSERT INTO company VALUES (15, 'company15@example.com', 'EncryptedPw#1!', '(주) 류박하', '01050226474', 6025090389, '대전광역시 서구 둔산중로 134', '식품', 2023, 359, 945, 795, 31, 'y', 'y', 'y', 'n', 'n', 'company15@example.com', '2021-05-19 21:27:38', NULL, NULL);
INSERT INTO company VALUES (16, 'company16@example.com', 'EncryptedPw#1!', '(유) 김', '01068605875', 3781038768, '서울특별시 강남구 테헤란로 123', '광고', 2013, 271, 535, 495, 92, 'y', 'y', 'y', 'n', 'y', 'company16@example.com', '2020-03-20 07:22:36', NULL, NULL);
INSERT INTO company VALUES (17, 'company17@example.com', 'EncryptedPw#1!', '(주) 서이이', '01052865396', 5430421917, '광주광역시 북구 첨단과기로 176', '식품', 1995, 316, 701, 495, 12, 'y', 'y', 'y', 'n', 'n', 'company17@example.com', '2024-05-06 01:44:13', NULL, NULL);
INSERT INTO company VALUES (18, 'company18@example.com', 'EncryptedPw#1!', '김송손', '01089233428', 2188796016, '부산광역시 해운대구 센텀중앙로 97', '건설', 2018, 253, 197, 122, 10, 'y', 'y', 'y', 'n', 'y', 'company18@example.com', '2022-07-03 03:19:39', NULL, NULL);
INSERT INTO company VALUES (19, 'company19@example.com', 'EncryptedPw#1!', '백박', '01031931525', 9824642806, '서울특별시 강남구 테헤란로 123', '물류', 2018, 386, 136, 121, 96, 'y', 'y', 'y', 'n', 'n', 'company19@example.com', '2022-04-04 21:16:31', NULL, NULL);
INSERT INTO company VALUES (20, 'company20@example.com', 'EncryptedPw#1!', '(유) 윤', '01061793322', 1567672443, '광주광역시 북구 첨단과기로 176', '교육', 1997, 388, 722, 619, 29, 'y', 'y', 'y', 'y', 'y', 'company20@example.com', '2020-09-22 03:25:02', NULL, NULL);
INSERT INTO company VALUES (21, 'company21@example.com', 'EncryptedPw#1!', '주김이', '01077308785', 8593557083, '부산광역시 해운대구 센텀중앙로 97', '식품', 2010, 363, 399, 359, 75, 'y', 'y', 'y', 'y', 'y', 'company21@example.com', '2020-06-12 14:10:20', NULL, NULL);
INSERT INTO company VALUES (22, 'company22@example.com', 'EncryptedPw#1!', '최최', '01049335961', 3216089548, '인천광역시 연수구 송도과학로 32', '의료', 2011, 309, 485, 243, 89, 'y', 'y', 'y', 'n', 'y', 'company22@example.com', '2022-01-10 07:47:32', NULL, NULL);
INSERT INTO company VALUES (23, 'company23@example.com', 'EncryptedPw#1!', '주식회사 서윤이', '01041008921', 8648577629, '울산광역시 남구 중앙로 201', '물류', 2006, 413, 181, 133, 35, 'y', 'y', 'y', 'y', 'y', 'company23@example.com', '2024-01-29 10:10:16', NULL, NULL);
INSERT INTO company VALUES (24, 'company24@example.com', 'EncryptedPw#1!', '이이배', '01051655417', 9698264784, '대전광역시 서구 둔산중로 134', '교육', 1983, 460, 568, 441, 94, 'y', 'y', 'y', 'y', 'y', 'company24@example.com', '2024-08-20 00:04:32', NULL, NULL);
INSERT INTO company VALUES (25, 'company25@example.com', 'EncryptedPw#1!', '김김', '01059066265', 5385173493, '서울특별시 송파구 올림픽로 300', '에너지', 2013, 285, 428, 286, 90, 'y', 'y', 'y', 'n', 'y', 'company25@example.com', '2023-12-24 18:20:04', NULL, NULL);
INSERT INTO company VALUES (26, 'company26@example.com', 'EncryptedPw#1!', '나노권', '01075561689', 5814769764, '서울특별시 강남구 테헤란로 123', '에너지', 1974, 318, 188, 97, 100, 'y', 'y', 'y', 'n', 'n', 'company26@example.com', '2021-02-11 06:56:46', NULL, NULL);
INSERT INTO company VALUES (27, 'company27@example.com', 'EncryptedPw#1!', '유한회사 구', '01060575132', 8733560805, '서울특별시 강남구 테헤란로 123', '식품', 1980, 478, 309, 172, 39, 'y', 'y', 'y', 'n', 'n', 'company27@example.com', '2021-10-26 20:23:36', NULL, NULL);
INSERT INTO company VALUES (28, 'company28@example.com', 'EncryptedPw#1!', '유한회사 나', '01050031158', 6870462597, '부산광역시 해운대구 센텀중앙로 97', '건설', 1999, 358, 277, 30, 1, 'y', 'y', 'y', 'y', 'y', 'company28@example.com', '2024-01-08 00:31:54', NULL, NULL);
INSERT INTO company VALUES (29, 'company29@example.com', 'EncryptedPw#1!', '(주) 박', '01017776294', 9334837945, '인천광역시 연수구 송도과학로 32', '물류', 1996, 370, 591, 234, 68, 'y', 'y', 'y', 'y', 'y', 'company29@example.com', '2024-12-09 21:41:03', NULL, NULL);
INSERT INTO company VALUES (30, 'company30@example.com', 'EncryptedPw#1!', '김김', '01090504707', 1736204094, '서울특별시 송파구 올림픽로 300', 'IT', 2005, 164, 376, 98, 64, 'y', 'y', 'y', 'y', 'n', 'company30@example.com', '2022-01-10 03:49:59', NULL, NULL);
INSERT INTO company VALUES (31, 'company31@example.com', 'EncryptedPw#1!', '김박', '01085222217', 2428178216, '서울특별시 마포구 월드컵북로 396', '광고', 1996, 438, 791, 698, 36, 'y', 'y', 'y', 'n', 'y', 'company31@example.com', '2024-10-18 22:47:30', NULL, NULL);
INSERT INTO company VALUES (32, 'company32@example.com', 'EncryptedPw#1!', '김주', '01020785944', 6918797032, '울산광역시 남구 중앙로 201', '광고', 2012, 12, 701, 46, 93, 'y', 'y', 'y', 'n', 'y', 'company32@example.com', '2020-01-28 12:34:47', NULL, NULL);
INSERT INTO company VALUES (33, 'company33@example.com', 'EncryptedPw#1!', '최서이', '01081884757', 7014313137, '대전광역시 서구 둔산중로 134', '에너지', 2011, 459, 115, 83, 4, 'y', 'y', 'y', 'n', 'n', 'company33@example.com', '2020-02-27 01:33:08', NULL, NULL);
INSERT INTO company VALUES (34, 'company34@example.com', 'EncryptedPw#1!', '이김', '01061771587', 4814431348, '대구광역시 동구 동대구로 550', '건설', 1977, 466, 310, 221, 100, 'y', 'y', 'y', 'n', 'y', 'company34@example.com', '2021-05-11 13:29:32', NULL, NULL);
INSERT INTO company VALUES (35, 'company35@example.com', 'EncryptedPw#1!', '주식회사 손', '01053076611', 2726918169, '서울특별시 마포구 월드컵북로 396', '에너지', 2013, 59, 881, 636, 14, 'y', 'y', 'y', 'y', 'y', 'company35@example.com', '2021-04-02 00:04:49', NULL, NULL);
INSERT INTO company VALUES (36, 'company36@example.com', 'EncryptedPw#1!', '(유) 곽김양', '01052714510', 8415462908, '서울특별시 강남구 테헤란로 123', '의료', 1989, 479, 394, 323, 71, 'y', 'y', 'y', 'y', 'y', 'company36@example.com', '2025-03-01 21:38:37', NULL, NULL);
INSERT INTO company VALUES (37, 'company37@example.com', 'EncryptedPw#1!', '최서김', '01084714101', 6279763312, '서울특별시 마포구 월드컵북로 396', '식품', 2005, 188, 867, 497, 3, 'y', 'y', 'y', 'y', 'n', 'company37@example.com', '2022-11-03 21:46:14', NULL, NULL);
INSERT INTO company VALUES (38, 'company38@example.com', 'EncryptedPw#1!', '박이', '01057752356', 8236726274, '경기도 성남시 분당구 정자일로 155', '광고', 1993, 399, 646, 369, 51, 'y', 'y', 'y', 'y', 'n', 'company38@example.com', '2023-09-28 02:47:00', NULL, NULL);
INSERT INTO company VALUES (39, 'company39@example.com', 'EncryptedPw#1!', '(주) 박문이', '01084325081', 6600438247, '울산광역시 남구 중앙로 201', '의료', 1986, 425, 227, 168, 5, 'y', 'y', 'y', 'n', 'y', 'company39@example.com', '2025-03-03 03:24:12', NULL, NULL);
INSERT INTO company VALUES (40, 'company40@example.com', 'EncryptedPw#1!', '최이조', '01025326217', 2208623287, '인천광역시 연수구 송도과학로 32', '식품', 1979, 186, 113, 21, 13, 'y', 'y', 'y', 'n', 'y', 'company40@example.com', '2020-06-26 04:12:58', NULL, NULL);
INSERT INTO company VALUES (41, 'company41@example.com', 'EncryptedPw#1!', '김손', '01081284140', 4310376917, '경기도 성남시 분당구 정자일로 155', '금융', 1999, 77, 67, 61, 23, 'y', 'y', 'y', 'n', 'n', 'company41@example.com', '2022-04-08 11:26:18', NULL, NULL);
INSERT INTO company VALUES (42, 'company42@example.com', 'EncryptedPw#1!', '유한회사 김', '01035695137', 8913874847, '인천광역시 연수구 송도과학로 32', '물류', 2004, 161, 256, 84, 96, 'y', 'y', 'y', 'y', 'n', 'company42@example.com', '2020-12-23 21:08:25', NULL, NULL);
INSERT INTO company VALUES (43, 'company43@example.com', 'EncryptedPw#1!', '송정곽', '01027943198', 8493472356, '부산광역시 해운대구 센텀중앙로 97', '교육', 2006, 225, 317, 297, 44, 'y', 'y', 'y', 'y', 'y', 'company43@example.com', '2025-03-05 23:04:54', NULL, NULL);
INSERT INTO company VALUES (44, 'company44@example.com', 'EncryptedPw#1!', '(주) 이', '01070215795', 8674916728, '인천광역시 연수구 송도과학로 32', '의료', 2008, 188, 236, 228, 43, 'y', 'y', 'y', 'n', 'y', 'company44@example.com', '2023-08-30 18:04:18', NULL, NULL);
INSERT INTO company VALUES (45, 'company45@example.com', 'EncryptedPw#1!', '(유) 김', '01066728453', 4975059382, '서울특별시 강남구 테헤란로 123', '광고', 2020, 61, 982, 102, 99, 'y', 'y', 'y', 'n', 'y', 'company45@example.com', '2023-09-09 09:24:55', NULL, NULL);
INSERT INTO company VALUES (46, 'company46@example.com', 'EncryptedPw#1!', '유한회사 김김서', '01027696273', 4091533946, '인천광역시 연수구 송도과학로 32', '제조업', 2006, 133, 77, 20, 48, 'y', 'y', 'y', 'y', 'n', 'company46@example.com', '2023-06-23 05:33:54', NULL, NULL);
INSERT INTO company VALUES (47, 'company47@example.com', 'EncryptedPw#1!', '송윤', '01095814595', 5730195329, '부산광역시 해운대구 센텀중앙로 97', '물류', 2019, 429, 837, 365, 51, 'y', 'y', 'y', 'y', 'n', 'company47@example.com', '2023-12-15 06:57:05', NULL, NULL);
INSERT INTO company VALUES (48, 'company48@example.com', 'EncryptedPw#1!', '(유) 김', '01086317348', 8388473734, '울산광역시 남구 중앙로 201', '의료', 1988, 463, 861, 411, 30, 'y', 'y', 'y', 'y', 'n', 'company48@example.com', '2022-12-19 08:20:04', NULL, NULL);
INSERT INTO company VALUES (49, 'company49@example.com', 'EncryptedPw#1!', '조허', '01093691595', 7135145726, '서울특별시 강남구 테헤란로 123', '의료', 2022, 455, 823, 771, 88, 'y', 'y', 'y', 'y', 'y', 'company49@example.com', '2024-09-10 18:12:52', NULL, NULL);
INSERT INTO company VALUES (50, 'company50@example.com', 'EncryptedPw#1!', '서최', '01058879703', 7415784153, '광주광역시 북구 첨단과기로 176', 'IT', 2005, 108, 593, 235, 44, 'y', 'y', 'y', 'y', 'n', 'company50@example.com', '2025-04-18 18:10:06', NULL, NULL);

-- 알림 insert --
INSERT INTO notification (user_id, title, content, status)
VALUES (24, '채용 일정이 곧 마감됩니다', '즐겨찾기한 기업이 새로운 채용 공고를 올렸습니다.', 'unread');

INSERT INTO notification (user_id, title, content, status)
VALUES (39, '기업에서 당신의 이력서를 열람했습니다', '최근 업데이트된 정보를 반영하여 이력서를 수정해보세요.', 'read');

INSERT INTO notification (user_id, title, content, status)
VALUES (30, '즐겨찾기한 기업 공고', '시스템 점검이 예정되어 있습니다. 자세한 내용은 공지를 참고해주세요.', 'unread');

INSERT INTO notification (user_id, title, content, status)
VALUES (11, '이력서 수정 권장', '즐겨찾기한 기업이 새로운 채용 공고를 올렸습니다.', 'unread');

INSERT INTO notification (user_id, title, content, status)
VALUES (20, '시스템 점검 안내', '관심 등록한 기업의 채용 마감일이 다가오고 있습니다.', 'unread');

INSERT INTO notification (user_id, title, content, status)
VALUES (35, '이력서 열람 알림', '이력서가 열람되었습니다. 기업에서 관심을 보이고 있습니다.', 'unread');

INSERT INTO notification (user_id, title, content, status)
VALUES (48, '이력서 수정 권장', '지원 결과가 업데이트되었습니다. 확인해보세요.', 'unread');

INSERT INTO notification (user_id, title, content, status)
VALUES (9, '관심 기업 알림', '지원 마감이 얼마 남지 않았습니다. 지금 지원하세요.', 'unread');

INSERT INTO notification (user_id, title, content, status)
VALUES (15, '새 공고가 등록되었습니다', '지원 마감이 얼마 남지 않았습니다. 지금 지원하세요.', 'read');

INSERT INTO notification (user_id, title, content, status)
VALUES (10, '채용 일정이 곧 마감됩니다', '이력서가 열람되었습니다. 기업에서 관심을 보이고 있습니다.', 'read');

INSERT INTO notification (user_id, title, content, status)
VALUES (37, '채용 일정이 곧 마감됩니다', '지원 마감이 얼마 남지 않았습니다. 지금 지원하세요.', 'unread');

INSERT INTO notification (user_id, title, content, status)
VALUES (41, '새 공고가 등록되었습니다', '원하는 직무의 공고가 새롭게 올라왔습니다.', 'read');

INSERT INTO notification (user_id, title, content, status)
VALUES (18, '시스템 점검 안내', '최근 업데이트된 정보를 반영하여 이력서를 수정해보세요.', 'read');

INSERT INTO notification (user_id, title, content, status)
VALUES (34, '기업에서 당신의 이력서를 열람했습니다', '이력서가 열람되었습니다. 기업에서 관심을 보이고 있습니다.', 'unread');

INSERT INTO notification (user_id, title, content, status)
VALUES (44, '기업에서 당신의 이력서를 열람했습니다', '지원 결과가 업데이트되었습니다. 확인해보세요.', 'unread');

INSERT INTO notification (user_id, title, content, status)
VALUES (36, '채용 일정이 곧 마감됩니다', '새로운 기능이 추가되었습니다. 확인해보세요.', 'unread');

INSERT INTO notification (user_id, title, content, status)
VALUES (14, '새 공고가 등록되었습니다', '관심 등록한 기업의 채용 마감일이 다가오고 있습니다.', 'unread');

INSERT INTO notification (user_id, title, content, status)
VALUES (1, '채용 일정이 곧 마감됩니다', '시스템 점검이 예정되어 있습니다. 자세한 내용은 공지를 참고해주세요.', 'unread');

INSERT INTO notification (user_id, title, content, status)
VALUES (4, '신규 기능 업데이트', '원하는 직무의 공고가 새롭게 올라왔습니다.', 'unread');

INSERT INTO notification (user_id, title, content, status)
VALUES (33, '신규 기능 업데이트', '기업이 귀하의 이력서를 열람했습니다.', 'unread');

INSERT INTO notification (user_id, title, content, status)
VALUES (38, '이력서 열람 알림', '시스템 점검이 예정되어 있습니다. 자세한 내용은 공지를 참고해주세요.', 'read');

INSERT INTO notification (user_id, title, content, status)
VALUES (42, '신규 기능 업데이트', '지원 결과가 업데이트되었습니다. 확인해보세요.', 'unread');

INSERT INTO notification (user_id, title, content, status)
VALUES (8, '채용 일정이 곧 마감됩니다', '새로운 기능이 추가되었습니다. 확인해보세요.', 'read');

INSERT INTO notification (user_id, title, content, status)
VALUES (50, '이력서 열람 알림', '지원 결과가 업데이트되었습니다. 확인해보세요.', 'read');

INSERT INTO notification (user_id, title, content, status)
VALUES (23, '기업에서 당신의 이력서를 열람했습니다', '지원 마감이 얼마 남지 않았습니다. 지금 지원하세요.', 'unread');

INSERT INTO notification (user_id, title, content, status)
VALUES (46, '기업에서 당신의 이력서를 열람했습니다', '지원 마감이 얼마 남지 않았습니다. 지금 지원하세요.', 'read');

INSERT INTO notification (user_id, title, content, status)
VALUES (28, '이력서 열람 알림', '새로운 기능이 추가되었습니다. 확인해보세요.', 'read');

INSERT INTO notification (user_id, title, content, status)
VALUES (40, '새 공고가 등록되었습니다', '관심 등록한 기업의 채용 마감일이 다가오고 있습니다.', 'read');

INSERT INTO notification (user_id, title, content, status)
VALUES (19, '채용 일정이 곧 마감됩니다', '지원 마감이 얼마 남지 않았습니다. 지금 지원하세요.', 'unread');

INSERT INTO notification (user_id, title, content, status)
VALUES (21, '새 공고가 등록되었습니다', '이력서가 열람되었습니다. 기업에서 관심을 보이고 있습니다.', 'unread');

INSERT INTO notification (user_id, title, content, status)
VALUES (27, '시스템 점검 안내', '지원 결과가 업데이트되었습니다. 확인해보세요.', 'unread');

INSERT INTO notification (user_id, title, content, status)
VALUES (49, '이력서 수정 권장', '원하는 직무의 공고가 새롭게 올라왔습니다.', 'read');

INSERT INTO notification (user_id, title, content, status)
VALUES (25, '채용 일정이 곧 마감됩니다', '시스템 점검이 예정되어 있습니다. 자세한 내용은 공지를 참고해주세요.', 'unread');

INSERT INTO notification (user_id, title, content, status)
VALUES (6, '관심 기업 알림', '원하는 직무의 공고가 새롭게 올라왔습니다.', 'read');

INSERT INTO notification (user_id, title, content, status)
VALUES (3, '관심 기업 알림', '원하는 직무의 공고가 새롭게 올라왔습니다.', 'read');

INSERT INTO notification (user_id, title, content, status)
VALUES (43, '신규 기능 업데이트', '최근 업데이트된 정보를 반영하여 이력서를 수정해보세요.', 'unread');

INSERT INTO notification (user_id, title, content, status)
VALUES (45, '시스템 점검 안내', '이력서가 열람되었습니다. 기업에서 관심을 보이고 있습니다.', 'read');

INSERT INTO notification (user_id, title, content, status)
VALUES (22, '새 공고가 등록되었습니다', '이력서가 열람되었습니다. 기업에서 관심을 보이고 있습니다.', 'unread');

INSERT INTO notification (user_id, title, content, status)
VALUES (26, '지원 결과 업데이트', '지원 마감이 얼마 남지 않았습니다. 지금 지원하세요.', 'read');

INSERT INTO notification (user_id, title, content, status)
VALUES (31, '이력서 수정 권장', '원하는 직무의 공고가 새롭게 올라왔습니다.', 'unread');

INSERT INTO notification (user_id, title, content, status)
VALUES (2, '기업에서 당신의 이력서를 열람했습니다', '원하는 직무의 공고가 새롭게 올라왔습니다.', 'read');

INSERT INTO notification (user_id, title, content, status)
VALUES (16, '이력서 수정 권장', '지원 결과가 업데이트되었습니다. 확인해보세요.', 'read');

INSERT INTO notification (user_id, title, content, status)
VALUES (13, '지원 결과 업데이트', '시스템 점검이 예정되어 있습니다. 자세한 내용은 공지를 참고해주세요.', 'unread');

INSERT INTO notification (user_id, title, content, status)
VALUES (29, '즐겨찾기한 기업 공고', '기업이 귀하의 이력서를 열람했습니다.', 'unread');

INSERT INTO notification (user_id, title, content, status)
VALUES (7, '이력서 수정 권장', '기업이 귀하의 이력서를 열람했습니다.', 'read');

INSERT INTO notification (user_id, title, content, status)
VALUES (17, '기업에서 당신의 이력서를 열람했습니다', '새로운 기능이 추가되었습니다. 확인해보세요.', 'read');

INSERT INTO notification (user_id, title, content, status)
VALUES (47, '즐겨찾기한 기업 공고', '시스템 점검이 예정되어 있습니다. 자세한 내용은 공지를 참고해주세요.', 'unread');

INSERT INTO notification (user_id, title, content, status)
VALUES (32, '시스템 점검 안내', '즐겨찾기한 기업이 새로운 채용 공고를 올렸습니다.', 'unread');

INSERT INTO notification (user_id, title, content, status)
VALUES (5, '지원 결과 업데이트', '관심 등록한 기업의 채용 마감일이 다가오고 있습니다.', 'read');

INSERT INTO notification (user_id, title, content, status)
VALUES (12, '관심 기업 알림', '관심 등록한 기업의 채용 마감일이 다가오고 있습니다.', 'read');

-- 커뮤니티 insert --
-- 1. 카테고리 데이터 삽입
INSERT INTO community_category (name) VALUES 
('취업정보'),
('진로상담'),
('자유게시판'),
('스터디모집'),
('직무Q&A'),
('이직/커리어'),
('회사생활'),
('기술공유'),
('인턴후기'),
('면접후기');

-- 2. 게시글 데이터 50개 삽입
INSERT INTO community_post (category_id, user_id, title, content, views, created_by, created_at) VALUES
(1, 1, '신입 개발자 채용 정보 공유합니다', '요즘 IT업계 채용시장이 많이 어려워졌지만 몇몇 기업에서 신입 개발자를 뽑고 있더라고요. 정보 공유드립니다. 네이버, 카카오, 라인에서 상반기 공채를 시작했습니다. 자세한 내용은 각 회사 채용페이지를 확인해보세요!', 245, 'user1', '2025-04-01 10:15:22'),
(2, 3, '백엔드vs프론트엔드 어떤 진로가 좋을까요?', '현재 컴퓨터공학과 3학년인데요, 진로를 고민하고 있습니다. 백엔드와 프론트엔드 중에서 어떤 쪽이 취업이나 향후 전망이 좋을지 조언 부탁드립니다.', 187, 'user3', '2025-04-02 14:23:11'),
(3, 5, '요즘 개발자들 주로 어떤 언어 공부하시나요?', '저는 요즘 파이썬과 자바스크립트를 주로 공부하고 있는데, 다들 어떤 언어에 집중하고 계신지 궁금합니다. 트렌드가 빠르게 변하는 것 같아서요.', 134, 'user5', '2025-04-03 09:45:33'),
(4, 7, '알고리즘 스터디원 모집합니다!', '5월부터 시작하는 알고리즘 스터디원을 모집합니다. 주 2회 온라인으로 진행할 예정이고, 백준 골드 이상 문제를 함께 풀어볼 계획입니다. 관심 있으신 분들은 댓글 남겨주세요!', 98, 'user7', '2025-04-05 16:12:45'),
(5, 10, '데이터 엔지니어 직무 관련 질문있습니다', '데이터 엔지니어 직무를 준비 중인데요, 현직자분들께서 추천하시는 필수 기술이나 공부 방향이 있을까요? 현재는 파이썬과 SQL을 중점적으로 공부하고 있습니다.', 156, 'user10', '2025-04-06 11:28:59'),
(6, 12, '2년차 개발자 이직 고민', '현재 중소기업에서 2년차 개발자로 일하고 있습니다. 이직을 고민 중인데, 2년 경력으로 좋은 회사로 이직이 가능할까요? 포트폴리오는 어떻게 준비하는 것이 좋을지 조언 부탁드립니다.', 210, 'user12', '2025-04-07 13:47:18'),
(7, 15, '회사에서 업무시간에 자기계발 하시는 분?', '다들 회사에서 업무시간에 자기계발 어떻게 하시나요? 저는 점심시간이나 약간의 여유 시간에 관련 서적을 읽거나 온라인 강의를 듣곤 합니다.', 178, 'user15', '2025-04-08 15:33:27'),
(8, 18, '최근 배운 유용한 개발 팁 공유합니다', 'Git 브랜치 전략에 대해 최근에 배운 내용을 공유드립니다. GitFlow와 GitHub Flow의 차이점과 각각의 장단점, 그리고 어떤 상황에서 어떤 전략을 사용하는 것이 좋은지에 대한 인사이트를 정리해봤습니다.', 225, 'user18', '2025-04-09 17:21:36'),
(9, 20, '대기업 인턴 후기 (긍정적)', '지난 겨울방학 동안 대기업 IT부서에서 인턴으로 일했던 경험을 공유합니다. 실무 경험도 많이 쌓고 멘토링도 잘 받아서 많이 성장할 수 있었어요. 인턴 준비하시는 분들께 도움이 됐으면 좋겠습니다.', 302, 'user20', '2025-04-10 10:05:42'),
(10, 22, '신입 개발자 기술면접 후기 및 팁', '지난주에 중견 IT기업 기술면접을 봤는데 합격했습니다! 면접에서 나온 질문들과 어떻게 준비했는지 공유드립니다. 자료구조와 알고리즘 기본기가 정말 중요하더라고요.', 289, 'user22', '2025-04-11 12:18:54'),
(1, 24, '스타트업 개발자 채용 정보', '제가 다니는 스타트업에서 백엔드 개발자를 채용하고 있습니다. 자바 스프링 경험이 있으신 분들 환영합니다. 자세한 내용은 댓글 남겨주시면 개별 안내해드릴게요.', 176, 'user24', '2025-04-12 14:37:21'),
(2, 26, '비전공자의 개발자 전환 고민', '현재 경영학과 졸업예정자인데 개발자로 진로를 바꾸고 싶습니다. 부트캠프를 다닐지, 독학을 할지 고민이에요. 비전공자분들은 어떤 방법으로 개발자가 되셨나요?', 198, 'user26', '2025-04-13 16:52:39'),
(3, 28, '개발자 번아웃 극복 방법', '요즘 일이 너무 많아서 번아웃이 온 것 같아요. 다들 이런 상황에서 어떻게 극복하시나요? 저는 취미생활을 다시 시작해보려고 합니다.', 221, 'user28', '2025-04-14 09:11:47'),
(4, 30, '리액트 스터디 모집합니다', '다음 달부터 리액트 심화 스터디를 시작합니다. Next.js와 리액트 훅에 대해 깊이 있게 공부할 예정이에요. 중급 이상 실력이신 분들 환영합니다!', 145, 'user30', '2025-04-15 11:29:08'),
(5, 32, '클라우드 엔지니어 vs 데브옵스 차이점?', '클라우드 엔지니어와 데브옵스 엔지니어의 차이점이 무엇인가요? 업무 범위와 필요한 기술 스택이 궁금합니다. 진로 결정에 참고하고 싶어요.', 167, 'user32', '2025-04-16 13:44:23'),
(6, 34, '개발자에서 PM으로 커리어 전환 고민', '5년차 개발자인데 최근에 PM으로 전환을 고민하고 있습니다. 개발자에서 PM으로 전환하신 분들의 경험담이나 조언을 듣고 싶습니다.', 189, 'user34', '2025-04-17 15:58:36'),
(7, 36, '재택근무와 사무실 근무 어떤 것이 좋을까요?', '요즘 회사들이 재택과 사무실 근무를 선택할 수 있게 하던데, 다들 어떤 방식을 선호하시나요? 각각의 장단점이 궁금합니다.', 234, 'user36', '2025-04-18 17:13:51'),
(8, 38, '도커와 쿠버네티스 입문 가이드', '최근에 도커와 쿠버네티스를 공부하면서 정리한 내용을 공유합니다. 컨테이너 기술의 기본 개념부터 실제 배포까지의 과정을 간단하게 설명했어요.', 276, 'user38', '2025-04-19 10:22:17'),
(9, 40, '중소기업 인턴 경험담', '지방 중소기업에서 인턴으로 일했던 경험을 공유합니다. 규모는 작았지만 다양한 업무를 경험할 수 있어서 많은 것을 배울 수 있었어요.', 154, 'user40', '2025-04-20 12:36:29'),
(10, 42, '코딩테스트 합격 후기 및 준비 방법', '최근 대기업 코딩테스트에 합격했습니다. 어떤 문제가 나왔고 어떻게 준비했는지 공유드립니다. 알고리즘 공부 방법도 함께 정리했어요.', 312, 'user42', '2025-04-21 14:51:38'),
(1, 44, '외국계 기업 채용 정보 및 준비 팁', '외국계 IT 기업 채용 정보와 준비 팁을 공유합니다. 영어 면접 준비 방법과 이력서 작성 요령에 대해 제 경험을 바탕으로 정리했어요.', 267, 'user44', '2025-04-22 16:07:52'),
(2, 46, '석사과정 vs 취업, 어떤 선택이 좋을까요?', '학부 졸업을 앞두고 석사과정 진학과 취업 사이에서 고민 중입니다. 각각의 장단점이나 경험담을 들려주시면 감사하겠습니다.', 203, 'user46', '2025-04-23 09:25:14'),
(3, 48, '요즘 개발자들 평균 연봉이 얼마나 되나요?', '신입부터 경력별로 개발자들 평균 연봉이 어떻게 되는지 궁금합니다. 지방과 수도권의 차이도 알고 싶어요.', 345, 'user48', '2025-04-24 11:39:27'),
(4, 50, '파이썬 알고리즘 스터디 모집', '파이썬으로 알고리즘 문제 풀이하는 스터디원을 모집합니다. 주 1회 온라인으로 진행하며, 초보자도 환영합니다!', 132, 'user50', '2025-04-25 13:54:36'),
(5, 2, 'AI 엔지니어가 되기 위한 로드맵', 'AI 엔지니어로 커리어를 시작하려고 합니다. 어떤 기술을 공부해야 하는지, 어떤 순서로 학습하는 게 좋을지 조언 부탁드립니다.', 231, 'user2', '2025-04-26 16:08:49'),
(6, 4, '10년차 개발자의 이직 경험담', '10년 동안 한 회사에서만 일하다가 최근에 이직했습니다. 오랜 경력 후의 이직 과정과 느낀 점을 공유드립니다.', 278, 'user4', '2025-04-27 18:23:05'),
(7, 6, '개발팀 내 갈등 해결 방법', '팀 내에서 의견 충돌이 있을 때 어떻게 해결하시나요? 최근에 팀원과의 갈등으로 고민이 많아서요.', 187, 'user6', '2025-04-28 10:41:17'),
(8, 8, '객체지향 프로그래밍의 핵심 원칙 정리', '객체지향 프로그래밍의 SOLID 원칙에 대해 정리했습니다. 각 원칙의 의미와 실제 코드에서 어떻게 적용되는지 예시와 함께 설명했어요.', 256, 'user8', '2025-04-29 12:56:32'),
(9, 9, '스타트업 인턴 경험담 (힘들었지만 성장했어요)', '작은 스타트업에서 인턴으로 일했던 경험을 공유합니다. 업무 강도는 높았지만 그만큼 많은 것을 배울 수 있었던 시간이었어요.', 198, 'user9', '2025-04-30 15:14:48'),
(10, 11, '신입 개발자 포트폴리오 면접 후기', '포트폴리오 위주의 개발자 면접을 봤는데 어떤 질문들이 나왔고, 어떻게 대답했는지 공유합니다. 기술적인 질문보다는 프로젝트에 대한 깊이 있는 질문이 많았어요.', 287, 'user11', '2025-05-01 17:27:59'),
(1, 13, '7월 대규모 채용 행사 정보', '7월에 열리는 IT 분야 대규모 채용 행사 정보를 공유합니다. 여러 대기업과 중견기업이 참여한다고 하니 취준생분들은 참고하세요.', 312, 'user13', '2025-05-02 09:43:12'),
(2, 14, '프로그래밍 언어 선택의 고민', '첫 프로그래밍 언어로 무엇을 배워야 할지 고민입니다. 파이썬, 자바, 자바스크립트 중에서 고민 중인데 추천해주세요.', 176, 'user14', '2025-05-03 11:58:27'),
(3, 16, '개발자 번아웃에서 회복한 경험', '심한 번아웃을 겪고 회복한 경험을 공유합니다. 어떻게 극복했는지, 그리고 앞으로 번아웃을 예방하기 위해 어떤 습관을 들이고 있는지 이야기해볼게요.', 245, 'user16', '2025-05-04 14:15:39'),
(4, 17, 'Java 스터디 그룹 모집합니다', 'Java 중급자를 위한 스터디 그룹을 모집합니다. Spring Framework를 함께 공부할 예정이며, 매주 토요일 오후에 만날 계획입니다.', 123, 'user17', '2025-05-05 16:29:54'),
(5, 19, '프론트엔드 개발자 필수 기술 스택?', '프론트엔드 개발자로 취업하기 위해 필수적으로 알아야 하는 기술 스택이 무엇인가요? HTML/CSS/JS 외에 어떤 프레임워크나 라이브러리를 공부해야 할까요?', 234, 'user19', '2025-05-06 18:42:06'),
(6, 21, '퇴사 후 프리랜서로 전환한 경험담', '회사를 퇴사하고 프리랜서 개발자로 전환한 지 6개월이 지났습니다. 장단점과 준비해야 할 것들에 대해 공유드립니다.', 298, 'user21', '2025-05-07 10:58:21'),
(7, 23, '개발자의 건강관리, 다들 어떻게 하시나요?', '장시간 앉아서 일하다 보니 허리 통증이 심해졌습니다. 개발자분들은 건강관리를 어떻게 하시는지 팁 공유 부탁드려요.', 212, 'user23', '2025-05-08 13:14:33'),
(8, 25, '마이크로서비스 아키텍처 도입 경험', '모놀리식 아키텍처에서 마이크로서비스로 전환한 경험을 공유합니다. 장단점과 주의해야 할 점들을 실제 사례와 함께 설명드릴게요.', 267, 'user25', '2025-05-09 15:27:48'),
(9, 27, '대기업 vs 스타트업 인턴, 어디가 좋을까요?', '여름방학 인턴을 준비 중인데 대기업과 유망 스타트업에서 모두 합격했습니다. 어디를 선택하는 것이 좋을까요? 각각의 장단점이 궁금합니다.', 187, 'user27', '2025-05-10 17:46:02'),
(10, 29, '기술 면접에서 자주 나오는 CS 질문 정리', '여러 회사의 기술 면접을 보면서 정리한 CS 질문들을 공유합니다. 운영체제, 네트워크, 데이터베이스 등 분야별로 정리했어요.', 345, 'user29', '2025-05-11 10:04:17'),
(1, 31, '해외 취업 정보 및 경험담', '해외 IT 기업 취업을 준비 중이신 분들을 위해 제 경험과 정보를 공유합니다. 비자 문제부터 면접 준비까지 전반적인 과정을 정리했어요.', 289, 'user31', '2025-05-12 12:19:32'),
(2, 33, '컴퓨터공학 대학원 진학 고민', '현재 학부생인데 대학원 진학을 고민 중입니다. 취업과 대학원 진학 중 어떤 선택이 좋을지, 대학원에서 어떤 연구 분야가 전망이 좋을지 조언 부탁드립니다.', 198, 'user33', '2025-05-13 14:35:47'),
(3, 35, '개발자 연봉 협상 팁 공유', '이직하면서 연봉 협상을 잘 하는 방법에 대해 제 경험을 공유합니다. 어떤 점을 어필하면 좋을지, 언제 협상을 시작하는 것이 좋은지 등에 대한 내용입니다.', 321, 'user35', '2025-05-14 16:51:08');

-- 3. 댓글 데이터 50개 삽입
INSERT INTO community_comment (post_id, user_id, content, created_by, created_at) VALUES
(1, 2, '정보 감사합니다! 나도 최근에 취업 준비 중인데 도움이 되네요.', 'user2', '2025-04-01 11:30:45'),
(1, 5, '혹시 신입 개발자가 갖춰야 할 역량에 대해서도 알려주실 수 있나요?', 'user5', '2025-04-01 12:45:23'),
(2, 7, '저는 백엔드 개발자로 일하고 있는데, 백엔드가 더 안정적인 것 같아요. 하지만 적성에 맞는 걸 선택하는 게 중요합니다.', 'user7', '2025-04-02 15:12:34'),
(2, 9, '프론트엔드도 매력적인 분야예요. 사용자와 직접 소통하는 부분이 재미있습니다.', 'user9', '2025-04-02 16:28:57'),
(3, 11, '저는 요즘 Rust에 관심을 갖고 공부하고 있어요. 시스템 프로그래밍에 관심 있으시면 추천합니다!', 'user11', '2025-04-03 10:35:12'),
(3, 13, '파이썬은 진입장벽이 낮고 활용도가 높아서 좋은 선택인 것 같아요.', 'user13', '2025-04-03 11:48:36'),
(4, 15, '스터디 참여하고 싶습니다! 연락처 남깁니다.', 'user15', '2025-04-05 17:23:45'),
(4, 17, '알고리즘 스터디 좋네요. 저도 참여하고 싶습니다. 현재 실버 레벨인데 괜찮을까요?', 'user17', '2025-04-05 18:39:22'),
(5, 19, '데이터 엔지니어라면 Spark, Hadoop 같은 빅데이터 처리 기술도 공부하시면 좋을 것 같아요.', 'user19', '2025-04-06 12:15:48'),
(5, 21, '클라우드 서비스에 대한 이해도 중요합니다. AWS나 GCP 관련 자격증을 따는 것도 도움이 될 거예요.', 'user21', '2025-04-06 13:27:39'),
(6, 23, '2년 경력이면 충분히 이직 가능합니다! 포트폴리오는 본인이 맡은 프로젝트의 문제 해결 과정을 중심으로 구성하세요.', 'user23', '2025-04-07 14:55:31'),
(6, 25, '요즘은 깃허브 프로필도 포트폴리오로 많이 활용하더라고요. 꾸준한 커밋 활동이 중요합니다.', 'user25', '2025-04-07 16:08:42'),
(7, 27, '저는 점심시간에 관련 기술 블로그를 읽는 습관을 들였어요. 짧은 시간이지만 꾸준히 하니 도움이 되더라고요.', 'user27', '2025-04-08 16:44:23'),
(7, 29, '업무 시간에 배운 내용을 바로 문서화하는 것도 좋은 방법인 것 같아요. 나중에 복습하기도 좋고요.', 'user29', '2025-04-08 17:59:58'),
(8, 31, '정말 유용한 정보네요! Git 브랜치 전략은 협업에서 정말 중요한 부분인 것 같아요.', 'user31', '2025-04-09 18:32:47'),
(8, 33, '저희 회사는 GitHub Flow를 사용하고 있는데, 소규모 팀에서는 이게 더 효율적인 것 같아요.', 'user33', '2025-04-09 19:47:11'),
(9, 35, '인턴 경험 공유 감사합니다! 혹시 인턴 지원 시 포트폴리오는 어떻게 준비하셨나요?', 'user35', '2025-04-10 11:19:54'),
(9, 37, '인턴 기간 동안 배운 기술이나 툴이 있다면 공유해주세요!', 'user37', '2025-04-10 12:33:28'),
(10, 39, '면접 후기 감사합니다! 혹시 CS 기본 지식에 대한 질문도 많이 나왔나요?', 'user39', '2025-04-11 13:25:36'),
(10, 41, '기술 면접 준비 팁 정말 유용합니다. 저도 곧 면접을 앞두고 있어서 많은 도움이 됐어요.', 'user41', '2025-04-11 14:42:19'),
(11, 43, '채용 정보 감사합니다! 혹시 경력직도 뽑나요?', 'user43', '2025-04-12 15:45:12'),
(11, 45, '스타트업 환경은 어떤가요? 워라밸이 괜찮은 편인가요?', 'user45', '2025-04-12 16:59:43'),
(12, 47, '저도 비전공자 출신 개발자입니다. 부트캠프를 통해 시작했고, 체계적으로 배울 수 있어서 좋았어요.', 'user47', '2025-04-13 17:48:23'),
(12, 49, '독학도 좋지만 방향을 잡기 어려울 수 있어요. 커뮤니티 활동을 통해 피드백을 받는 게 중요합니다.', 'user49', '2025-04-13 19:02:56'),
(13, 1, '번아웃 극복을 위해서는 확실한 휴식이 필요해요. 저는 일주일 휴가를 내고 완전히 쉬었더니 도움이 됐습니다.', 'user1', '2025-04-14 10:22:38'),
(13, 3, '업무 외 취미생활을 갖는 것이 정말 중요한 것 같아요. 저는 운동을 시작했더니 스트레스 해소에 도움이 되더라고요.', 'user3', '2025-04-14 11:37:14'),
(14, 4, '리액트 스터디에 관심 있습니다! 현재 기본기는 있는 상태입니다.', 'user4', '2025-04-15 12:43:56'),
(14, 6, '온라인으로만 진행되나요? 아니면 오프라인 모임도 있나요?', 'user6', '2025-04-15 13:58:29'),
(15, 8, '클라우드 엔지니어는 클라우드 인프라 구축과 관리에 초점을 두고, 데브옵스는 개발과 운영의 통합에 초점을 둡니다.', 'user8', '2025-04-16 14:52:43'),
(15, 10, '두 직무 모두 AWS, GCP 같은 클라우드 서비스에 대한 이해가 중요합니다.', 'user10', '2025-04-16 16:07:18'),
(16, 12, '저도 개발자에서 PM으로 전환했습니다. 기술적 배경이 있으면 개발팀과 소통이 원활해서 장점이 많아요.', 'user12', '2025-04-17 17:04:52'),
(16, 14, 'PM으로 전환하기 전에 애자일 방법론이나 프로젝트 관리 툴에 대한 공부를 해보세요.', 'user14', '2025-04-17 18:19:27'),
(17, 16, '저는 주 3일 사무실, 2일 재택의 하이브리드 방식이 가장 효율적인 것 같아요.', 'user16', '2025-04-18 18:27:39'),
(17, 18, '재택근무는 집중력이 높아지는 장점이 있지만, 소통 부재로 인한 문제도 있더라고요.', 'user18', '2025-04-18 19:42:15'),
(18, 20, '도커와 쿠버네티스 가이드 정말 잘 봤습니다! 초보자도 이해하기 쉽게 설명해주셨네요.', 'user20', '2025-04-19 11:36:49'),
(18, 22, '실제 프로젝트에 적용해볼 수 있는 예제가 있으면 더 좋을 것 같아요.', 'user22', '2025-04-19 12:51:23'),
(19, 24, '중소기업 인턴도 경험을 쌓는 데 정말 좋은 것 같아요. 저도 비슷한 경험이 있는데 많이 배웠습니다.', 'user24', '2025-04-20 13:45:18'),
(19, 26, '인턴 기간 동안 가장 인상 깊었던 업무나 프로젝트가 있으신가요?', 'user26', '2025-04-20 15:03:42'),
(20, 28, '코딩테스트 준비 방법 공유 감사합니다! 혹시 추천하는 문제 풀이 사이트가 있나요?', 'user28', '2025-04-21 15:59:27'),
(20, 30, '코딩테스트에서 시간 관리는 어떻게 하셨나요? 저는 항상 시간이 부족해서 어려움을 겪고 있어요.', 'user30', '2025-04-21 17:14:59'),
(21, 32, '외국계 기업 지원 준비 중인데 정말 유용한 정보 감사합니다! 영어 면접은 어느 정도 수준이 필요한가요?', 'user32', '2025-04-22 17:21:34'),
(21, 34, '외국계 기업의 코딩테스트는 국내 기업과 많이 다른가요?', 'user34', '2025-04-22 18:36:09'),
(22, 36, '저는 석사 후 취업했는데, 연구 경험이 실무에 도움이 많이 됐어요. 관심 분야가 명확하다면 석사 추천합니다.', 'user36', '2025-04-23 10:38:45'),
(22, 38, '요즘은 특별한 이유가 없다면 바로 취업하는 것도 좋은 선택인 것 같아요. 경력을 쌓으면서 필요시 나중에 공부할 수도 있으니까요.', 'user38', '2025-04-23 11:54:21'),
(23, 40, '수도권 3-5년차 백엔드 개발자 기준으로는 5000-7000 정도가 평균인 것 같습니다.', 'user40', '2025-04-24 12:47:38'),
(23, 42, '지방과 수도권의 연봉 차이는 20-30% 정도 나는 것 같아요. 물론 회사마다 다르지만요.', 'user42', '2025-04-24 14:02:12'),
(24, 44, '파이썬 알고리즘 스터디에 참여하고 싶습니다! 초보자도 괜찮다니 다행이네요.', 'user44', '2025-04-25 15:05:54'),
(25, 48, 'AI 엔지니어를 위한 로드맵 감사합니다! 파이썬과 수학부터 차근차근 공부해야겠네요.', 'user48', '2025-04-26 17:24:03'),
(25, 50, '딥러닝 관련 추천 강의나 도서가 있을까요?', 'user50', '2025-04-26 18:37:38'),
(26, 1, '오랜 경력 후 이직하는 것도 쉽지 않았을 텐데 경험 공유 감사합니다.', 'user1', '2025-04-27 19:31:24'),
(26, 3, '이직하고 나서 적응하는 데 어려움은 없으셨나요?', 'user3', '2025-04-27 20:45:56'),
(27, 5, '팀 내 갈등은 정말 어려운 문제죠. 저는 일단 1:1로 대화를 나누는 것부터 시작하는 것이 좋다고 생각해요.', 'user5', '2025-04-28 11:54:29'),
(27, 7, '의견 충돌이 있을 때는 서로의 입장을 이해하려고 노력하는 것이 중요한 것 같아요.', 'user7', '2025-04-28 13:08:54'),
(28, 9, '객체지향 프로그래밍 원칙 정리 감사합니다! 실무에서 어떻게 적용하는지 예시가 있어서 더 이해하기 쉬웠어요.', 'user9', '2025-04-29 14:05:47'),
(28, 11, '디자인 패턴에 대한 내용도 있으면 좋을 것 같아요!', 'user11', '2025-04-29 15:19:22'),
(29, 13, '스타트업 인턴 경험 공유 감사합니다! 업무 강도가 높았다고 하셨는데 어느 정도였나요?', 'user13', '2025-04-30 16:28:34'),
(29, 15, '스타트업에서는 어떤 기술 스택을 사용하셨나요?', 'user15', '2025-04-30 17:42:09'),
(30, 17, '포트폴리오 면접 준비에 정말 도움이 될 것 같아요. 프로젝트에 대한 질문은 어떤 식으로 준비하는 것이 좋을까요?', 'user17', '2025-05-01 18:39:51'),
(30, 19, '기술적인 질문보다 프로젝트 관련 질문이 많았다니 참고가 됩니다. 감사합니다!', 'user19', '2025-05-01 19:53:26'),
(31, 21, '채용 행사 정보 감사합니다! 온라인으로도 참여할 수 있나요?', 'user21', '2025-05-02 10:55:38'),
(31, 23, '이런 채용 행사에서는 어떤 준비를 하고 가면 좋을까요?', 'user23', '2025-05-02 12:09:13'),
(32, 25, '첫 프로그래밍 언어로는 파이썬이 진입장벽이 낮아서 좋은 것 같아요.', 'user25', '2025-05-03 13:07:41'),
(32, 27, '자바스크립트도 웹 개발에 관심이 있다면 좋은 선택이 될 수 있을 것 같습니다.', 'user27', '2025-05-03 14:22:17'),
(33, 29, '번아웃 극복 경험 공유 감사합니다. 저도 비슷한 상황인데 도움이 많이 됐어요.', 'user29', '2025-05-04 15:29:54'),
(33, 31, '업무 시간 외에는 개발 관련 생각 안 하기가 중요한 것 같아요. 저도 실천 중입니다.', 'user31', '2025-05-04 16:43:27'),
(34, 33, 'Java 스터디 참여하고 싶습니다! 스프링 프레임워크에 관심이 많아요.', 'user33', '2025-05-05 17:38:19'),
(34, 35, '온라인으로만 진행되나요? 아니면 오프라인 모임도 있나요?', 'user35', '2025-05-05 18:52:53'),
(35, 37, '프론트엔드 개발자라면 React나 Vue 같은 프레임워크는 필수인 것 같아요.', 'user37', '2025-05-06 19:55:29'),
(35, 39, '최근에는 TypeScript도 많이 사용하는 추세입니다. 공부해두면 좋을 것 같아요.', 'user39', '2025-05-06 21:09:04'),
(36, 41, '프리랜서 전환 경험 공유 감사합니다! 일거리는 어떻게 구하시나요?', 'user41', '2025-05-07 12:06:43'),
(36, 43, '세금 관리나 건강보험 등의 행정적인 부분은 어떻게 하시는지 궁금합니다.', 'user43', '2025-05-07 13:20:18'),
(37, 45, '저는 서서 일할 수 있는 높이 조절 책상을 사용하고 있어요. 허리 건강에 정말 도움이 됩니다.', 'user45', '2025-05-08 14:28:56'),
(37, 47, '1-2시간마다 스트레칭을 하는 것도 좋은 습관인 것 같아요. 저는 앱 알람을 맞춰두고 있습니다.', 'user47', '2025-05-08 15:42:31'),
(38, 49, '마이크로서비스 아키텍처 관련 정보 감사합니다! 도입을 고민 중이었는데 도움이 많이 됐어요.', 'user49', '2025-05-09 16:39:57'),
(38, 2, '마이크로서비스로 전환하면서 가장 어려웠던 점은 무엇인가요?', 'user2', '2025-05-09 17:54:32'),
(39, 4, '저는 대기업 인턴 경험이 있는데, 체계적인 교육과 네트워킹이 장점이었어요.', 'user4', '2025-05-10 18:57:19'),
(39, 6, '스타트업은 다양한 경험을 할 수 있다는 점이 매력적일 것 같아요. 진로가 확실하지 않다면 추천합니다.', 'user6', '2025-05-10 20:11:54'),
(40, 8, 'CS 질문 정리 감사합니다! 면접 준비에 많은 도움이 될 것 같아요.', 'user8', '2025-05-11 11:19:42'),
(40, 10, '혹시 이 질문들에 대한 모범 답안도 공유해주실 수 있을까요?', 'user10', '2025-05-11 12:33:17'),
(41, 12, '해외 취업 정보 정말 유용합니다! 비자 문제가 가장 걱정인데 어떻게 해결하셨나요?', 'user12', '2025-05-12 13:27:49'),
(41, 14, '해외 기업은 어떤 채용 플랫폼을 통해 지원하는 것이 좋을까요?', 'user14', '2025-05-12 14:41:24'),
(42, 16, '저는 대학원에서 AI 관련 연구를 했는데, 관심 분야가 명확하다면 대학원 진학도 좋은 선택인 것 같아요.', 'user16', '2025-05-13 15:49:03'),
(42, 18, '대학원 진학 전에 현업 경험을 쌓는 것도 연구 방향을 정하는 데 도움이 될 수 있어요.', 'user18', '2025-05-13 17:02:38'),
(43, 20, '연봉 협상 팁 정말 도움이 됩니다! 이직 준비 중인데 참고할게요.', 'user20', '2025-05-14 18:04:21'),
(43, 22, '현재 연봉의 몇 퍼센트 정도 인상을 요구하는 것이 적절할까요?', 'user22', '2025-05-14 19:17:56');

-- 관심 기업 insert --
INSERT INTO company_bookmark (user_id, company_id)
VALUES (20, 14);

INSERT INTO company_bookmark (user_id, company_id)
VALUES (36, 4);

INSERT INTO company_bookmark (user_id, company_id)
VALUES (18, 26);

INSERT INTO company_bookmark (user_id, company_id)
VALUES (39, 24);

INSERT INTO company_bookmark (user_id, company_id)
VALUES (11, 48);

INSERT INTO company_bookmark (user_id, company_id)
VALUES (10, 46);

INSERT INTO company_bookmark (user_id, company_id)
VALUES (23, 19);

INSERT INTO company_bookmark (user_id, company_id)
VALUES (42, 5);

INSERT INTO company_bookmark (user_id, company_id)
VALUES (6, 42);

INSERT INTO company_bookmark (user_id, company_id)
VALUES (7, 47);

INSERT INTO company_bookmark (user_id, company_id)
VALUES (33, 11);

INSERT INTO company_bookmark (user_id, company_id)
VALUES (27, 38);

INSERT INTO company_bookmark (user_id, company_id)
VALUES (4, 30);

INSERT INTO company_bookmark (user_id, company_id)
VALUES (8, 30);

INSERT INTO company_bookmark (user_id, company_id)
VALUES (40, 4);

INSERT INTO company_bookmark (user_id, company_id)
VALUES (11, 20);

INSERT INTO company_bookmark (user_id, company_id)
VALUES (37, 45);

INSERT INTO company_bookmark (user_id, company_id)
VALUES (1, 15);

INSERT INTO company_bookmark (user_id, company_id)
VALUES (18, 7);

INSERT INTO company_bookmark (user_id, company_id)
VALUES (9, 35);

INSERT INTO company_bookmark (user_id, company_id)
VALUES (17, 39);

INSERT INTO company_bookmark (user_id, company_id)
VALUES (11, 29);

INSERT INTO company_bookmark (user_id, company_id)
VALUES (39, 2);

INSERT INTO company_bookmark (user_id, company_id)
VALUES (32, 30);

INSERT INTO company_bookmark (user_id, company_id)
VALUES (29, 10);

INSERT INTO company_bookmark (user_id, company_id)
VALUES (50, 2);

INSERT INTO company_bookmark (user_id, company_id)
VALUES (46, 41);

INSERT INTO company_bookmark (user_id, company_id)
VALUES (20, 31);

INSERT INTO company_bookmark (user_id, company_id)
VALUES (48, 50);

INSERT INTO company_bookmark (user_id, company_id)
VALUES (4, 35);

INSERT INTO company_bookmark (user_id, company_id)
VALUES (42, 13);

INSERT INTO company_bookmark (user_id, company_id)
VALUES (24, 7);

INSERT INTO company_bookmark (user_id, company_id)
VALUES (43, 14);

INSERT INTO company_bookmark (user_id, company_id)
VALUES (1, 17);

INSERT INTO company_bookmark (user_id, company_id)
VALUES (4, 44);

INSERT INTO company_bookmark (user_id, company_id)
VALUES (2, 28);

INSERT INTO company_bookmark (user_id, company_id)
VALUES (43, 35);

INSERT INTO company_bookmark (user_id, company_id)
VALUES (8, 47);

INSERT INTO company_bookmark (user_id, company_id)
VALUES (32, 41);

INSERT INTO company_bookmark (user_id, company_id)
VALUES (20, 15);

INSERT INTO company_bookmark (user_id, company_id)
VALUES (5, 11);

INSERT INTO company_bookmark (user_id, company_id)
VALUES (38, 39);

INSERT INTO company_bookmark (user_id, company_id)
VALUES (29, 36);

INSERT INTO company_bookmark (user_id, company_id)
VALUES (14, 20);

INSERT INTO company_bookmark (user_id, company_id)
VALUES (27, 32);

INSERT INTO company_bookmark (user_id, company_id)
VALUES (36, 38);

INSERT INTO company_bookmark (user_id, company_id)
VALUES (2, 18);

INSERT INTO company_bookmark (user_id, company_id)
VALUES (42, 27);

INSERT INTO company_bookmark (user_id, company_id)
VALUES (24, 21);

INSERT INTO company_bookmark (user_id, company_id)
VALUES (40, 11);

-- 이력서 insert -- 
INSERT INTO resume (
    id, user_id, occupation_id, title,
    skill_answer, trait_answer, skill_keywords, talent_keywords,
    created_by, created_at, updated_by, updated_at
)
values
(
    1001, 1, 1, '이력서 제목 1',
    '역량 답변 예시 1', '인재상 답변 예시 1', '키워드1, 기술', '창의성, 협업1',
    '사용자1', '2025-05-15 23:31:44', '사용자1', '2025-05-15 23:31:44'
),
(
    1002, 2, 1, '이력서 제목 2',
    '역량 답변 예시 2', '인재상 답변 예시 2', '키워드2, 기술', '창의성, 협업2',
    '사용자2', '2025-05-15 23:31:44', '사용자2', '2025-05-15 23:31:44'
),
(
    1003, 3, 1, '이력서 제목 3',
    '역량 답변 예시 3', '인재상 답변 예시 3', '키워드3, 기술', '창의성, 협업3',
    '사용자3', '2025-05-15 23:31:44', '사용자3', '2025-05-15 23:31:44'
),
(
    1004, 4, 1, '이력서 제목 4',
    '역량 답변 예시 4', '인재상 답변 예시 4', '키워드4, 기술', '창의성, 협업4',
    '사용자4', '2025-05-15 23:31:44', '사용자4', '2025-05-15 23:31:44'
),
(
    1005, 5, 1, '이력서 제목 5',
    '역량 답변 예시 5', '인재상 답변 예시 5', '키워드5, 기술', '창의성, 협업5',
    '사용자5', '2025-05-15 23:31:44', '사용자5', '2025-05-15 23:31:44'
),
(
    1006, 6, 1, '이력서 제목 6',
    '역량 답변 예시 6', '인재상 답변 예시 6', '키워드6, 기술', '창의성, 협업6',
    '사용자6', '2025-05-15 23:31:44', '사용자6', '2025-05-15 23:31:44'
),
(
    1007, 7, 1, '이력서 제목 7',
    '역량 답변 예시 7', '인재상 답변 예시 7', '키워드7, 기술', '창의성, 협업7',
    '사용자7', '2025-05-15 23:31:44', '사용자7', '2025-05-15 23:31:44'
),
(
    1008, 8, 1, '이력서 제목 8',
    '역량 답변 예시 8', '인재상 답변 예시 8', '키워드8, 기술', '창의성, 협업8',
    '사용자8', '2025-05-15 23:31:44', '사용자8', '2025-05-15 23:31:44'
),
(
    1009, 9, 1, '이력서 제목 9',
    '역량 답변 예시 9', '인재상 답변 예시 9', '키워드9, 기술', '창의성, 협업9',
    '사용자9', '2025-05-15 23:31:44', '사용자9', '2025-05-15 23:31:44'
),
(
    1010, 10, 1, '이력서 제목 10',
    '역량 답변 예시 10', '인재상 답변 예시 10', '키워드10, 기술', '창의성, 협업10',
    '사용자10', '2025-05-15 23:31:44', '사용자10', '2025-05-15 23:31:44'
),
(
    1011, 11, 1, '이력서 제목 11',
    '역량 답변 예시 11', '인재상 답변 예시 11', '키워드11, 기술', '창의성, 협업11',
    '사용자11', '2025-05-15 23:31:44', '사용자11', '2025-05-15 23:31:44'
),
(
    1012, 12, 1, '이력서 제목 12',
    '역량 답변 예시 12', '인재상 답변 예시 12', '키워드12, 기술', '창의성, 협업12',
    '사용자12', '2025-05-15 23:31:44', '사용자12', '2025-05-15 23:31:44'
),
(
    1013, 13, 1, '이력서 제목 13',
    '역량 답변 예시 13', '인재상 답변 예시 13', '키워드13, 기술', '창의성, 협업13',
    '사용자13', '2025-05-15 23:31:44', '사용자13', '2025-05-15 23:31:44'
),
(
    1014, 14, 1, '이력서 제목 14',
    '역량 답변 예시 14', '인재상 답변 예시 14', '키워드14, 기술', '창의성, 협업14',
    '사용자14', '2025-05-15 23:31:44', '사용자14', '2025-05-15 23:31:44'
),
(
    1015, 15, 1, '이력서 제목 15',
    '역량 답변 예시 15', '인재상 답변 예시 15', '키워드15, 기술', '창의성, 협업15',
    '사용자15', '2025-05-15 23:31:44', '사용자15', '2025-05-15 23:31:44'
),
(
    1016, 16, 1, '이력서 제목 16',
    '역량 답변 예시 16', '인재상 답변 예시 16', '키워드16, 기술', '창의성, 협업16',
    '사용자16', '2025-05-15 23:31:44', '사용자16', '2025-05-15 23:31:44'
),
(
    1017, 17, 1, '이력서 제목 17',
    '역량 답변 예시 17', '인재상 답변 예시 17', '키워드17, 기술', '창의성, 협업17',
    '사용자17', '2025-05-15 23:31:44', '사용자17', '2025-05-15 23:31:44'
),
(
    1018, 18, 1, '이력서 제목 18',
    '역량 답변 예시 18', '인재상 답변 예시 18', '키워드18, 기술', '창의성, 협업18',
    '사용자18', '2025-05-15 23:31:44', '사용자18', '2025-05-15 23:31:44'
),
(
    1019, 19, 1, '이력서 제목 19',
    '역량 답변 예시 19', '인재상 답변 예시 19', '키워드19, 기술', '창의성, 협업19',
    '사용자19', '2025-05-15 23:31:44', '사용자19', '2025-05-15 23:31:44'
),
(
    1020, 20, 1, '이력서 제목 20',
    '역량 답변 예시 20', '인재상 답변 예시 20', '키워드20, 기술', '창의성, 협업20',
    '사용자20', '2025-05-15 23:31:44', '사용자20', '2025-05-15 23:31:44'
),
(
    1021, 21, 1, '이력서 제목 21',
    '역량 답변 예시 21', '인재상 답변 예시 21', '키워드21, 기술', '창의성, 협업21',
    '사용자21', '2025-05-15 23:31:44', '사용자21', '2025-05-15 23:31:44'
),
(
    1022, 22, 1, '이력서 제목 22',
    '역량 답변 예시 22', '인재상 답변 예시 22', '키워드22, 기술', '창의성, 협업22',
    '사용자22', '2025-05-15 23:31:44', '사용자22', '2025-05-15 23:31:44'
),
(
    1023, 23, 1, '이력서 제목 23',
    '역량 답변 예시 23', '인재상 답변 예시 23', '키워드23, 기술', '창의성, 협업23',
    '사용자23', '2025-05-15 23:31:44', '사용자23', '2025-05-15 23:31:44'
),
(
    1024, 24, 1, '이력서 제목 24',
    '역량 답변 예시 24', '인재상 답변 예시 24', '키워드24, 기술', '창의성, 협업24',
    '사용자24', '2025-05-15 23:31:44', '사용자24', '2025-05-15 23:31:44'
),
(
    1025, 25, 1, '이력서 제목 25',
    '역량 답변 예시 25', '인재상 답변 예시 25', '키워드25, 기술', '창의성, 협업25',
    '사용자25', '2025-05-15 23:31:44', '사용자25', '2025-05-15 23:31:44'
),
(
    1026, 26, 1, '이력서 제목 26',
    '역량 답변 예시 26', '인재상 답변 예시 26', '키워드26, 기술', '창의성, 협업26',
    '사용자26', '2025-05-15 23:31:44', '사용자26', '2025-05-15 23:31:44'
),
(
    1027, 27, 1, '이력서 제목 27',
    '역량 답변 예시 27', '인재상 답변 예시 27', '키워드27, 기술', '창의성, 협업27',
    '사용자27', '2025-05-15 23:31:44', '사용자27', '2025-05-15 23:31:44'
),
(
    1028, 28, 1, '이력서 제목 28',
    '역량 답변 예시 28', '인재상 답변 예시 28', '키워드28, 기술', '창의성, 협업28',
    '사용자28', '2025-05-15 23:31:44', '사용자28', '2025-05-15 23:31:44'
),
(
    1029, 29, 1, '이력서 제목 29',
    '역량 답변 예시 29', '인재상 답변 예시 29', '키워드29, 기술', '창의성, 협업29',
    '사용자29', '2025-05-15 23:31:44', '사용자29', '2025-05-15 23:31:44'
),
(
    1030, 30, 1, '이력서 제목 30',
    '역량 답변 예시 30', '인재상 답변 예시 30', '키워드30, 기술', '창의성, 협업30',
    '사용자30', '2025-05-15 23:31:44', '사용자30', '2025-05-15 23:31:44'
),
(
    1031, 31, 1, '이력서 제목 31',
    '역량 답변 예시 31', '인재상 답변 예시 31', '키워드31, 기술', '창의성, 협업31',
    '사용자31', '2025-05-15 23:31:44', '사용자31', '2025-05-15 23:31:44'
),
(
    1032, 32, 1, '이력서 제목 32',
    '역량 답변 예시 32', '인재상 답변 예시 32', '키워드32, 기술', '창의성, 협업32',
    '사용자32', '2025-05-15 23:31:44', '사용자32', '2025-05-15 23:31:44'
),
(
    1033, 33, 1, '이력서 제목 33',
    '역량 답변 예시 33', '인재상 답변 예시 33', '키워드33, 기술', '창의성, 협업33',
    '사용자33', '2025-05-15 23:31:44', '사용자33', '2025-05-15 23:31:44'
),
(
    1034, 34, 1, '이력서 제목 34',
    '역량 답변 예시 34', '인재상 답변 예시 34', '키워드34, 기술', '창의성, 협업34',
    '사용자34', '2025-05-15 23:31:44', '사용자34', '2025-05-15 23:31:44'
),
(
    1035, 35, 1, '이력서 제목 35',
    '역량 답변 예시 35', '인재상 답변 예시 35', '키워드35, 기술', '창의성, 협업35',
    '사용자35', '2025-05-15 23:31:44', '사용자35', '2025-05-15 23:31:44'
),
(
    1036, 36, 1, '이력서 제목 36',
    '역량 답변 예시 36', '인재상 답변 예시 36', '키워드36, 기술', '창의성, 협업36',
    '사용자36', '2025-05-15 23:31:44', '사용자36', '2025-05-15 23:31:44'
),
(
    1037, 37, 1, '이력서 제목 37',
    '역량 답변 예시 37', '인재상 답변 예시 37', '키워드37, 기술', '창의성, 협업37',
    '사용자37', '2025-05-15 23:31:44', '사용자37', '2025-05-15 23:31:44'
),
(
    1038, 38, 1, '이력서 제목 38',
    '역량 답변 예시 38', '인재상 답변 예시 38', '키워드38, 기술', '창의성, 협업38',
    '사용자38', '2025-05-15 23:31:44', '사용자38', '2025-05-15 23:31:44'
),
(
    1039, 39, 1, '이력서 제목 39',
    '역량 답변 예시 39', '인재상 답변 예시 39', '키워드39, 기술', '창의성, 협업39',
    '사용자39', '2025-05-15 23:31:44', '사용자39', '2025-05-15 23:31:44'
),
(
    1040, 40, 1, '이력서 제목 40',
    '역량 답변 예시 40', '인재상 답변 예시 40', '키워드40, 기술', '창의성, 협업40',
    '사용자40', '2025-05-15 23:31:44', '사용자40', '2025-05-15 23:31:44'
),
(
    1041, 41, 1, '이력서 제목 41',
    '역량 답변 예시 41', '인재상 답변 예시 41', '키워드41, 기술', '창의성, 협업41',
    '사용자41', '2025-05-15 23:31:44', '사용자41', '2025-05-15 23:31:44'
),
(
    1042, 42, 1, '이력서 제목 42',
    '역량 답변 예시 42', '인재상 답변 예시 42', '키워드42, 기술', '창의성, 협업42',
    '사용자42', '2025-05-15 23:31:44', '사용자42', '2025-05-15 23:31:44'
),
(
    1043, 43, 1, '이력서 제목 43',
    '역량 답변 예시 43', '인재상 답변 예시 43', '키워드43, 기술', '창의성, 협업43',
    '사용자43', '2025-05-15 23:31:44', '사용자43', '2025-05-15 23:31:44'
),
(
    1044, 44, 1, '이력서 제목 44',
    '역량 답변 예시 44', '인재상 답변 예시 44', '키워드44, 기술', '창의성, 협업44',
    '사용자44', '2025-05-15 23:31:44', '사용자44', '2025-05-15 23:31:44'
),
(
    1045, 45, 1, '이력서 제목 45',
    '역량 답변 예시 45', '인재상 답변 예시 45', '키워드45, 기술', '창의성, 협업45',
    '사용자45', '2025-05-15 23:31:44', '사용자45', '2025-05-15 23:31:44'
),
(
    1046, 46, 1, '이력서 제목 46',
    '역량 답변 예시 46', '인재상 답변 예시 46', '키워드46, 기술', '창의성, 협업46',
    '사용자46', '2025-05-15 23:31:44', '사용자46', '2025-05-15 23:31:44'
),
(
    1047, 47, 1, '이력서 제목 47',
    '역량 답변 예시 47', '인재상 답변 예시 47', '키워드47, 기술', '창의성, 협업47',
    '사용자47', '2025-05-15 23:31:44', '사용자47', '2025-05-15 23:31:44'
),
(
    1048, 48, 1, '이력서 제목 48',
    '역량 답변 예시 48', '인재상 답변 예시 48', '키워드48, 기술', '창의성, 협업48',
    '사용자48', '2025-05-15 23:31:44', '사용자48', '2025-05-15 23:31:44'
),
(
    1049, 49, 1, '이력서 제목 49',
    '역량 답변 예시 49', '인재상 답변 예시 49', '키워드49, 기술', '창의성, 협업49',
    '사용자49', '2025-05-15 23:31:44', '사용자49', '2025-05-15 23:31:44'
),
(
    1050, 50, 1, '이력서 제목 50',
    '역량 답변 예시 50', '인재상 답변 예시 50', '키워드50, 기술', '창의성, 협업50',
    '사용자50', '2025-05-15 23:31:44', '사용자50', '2025-05-15 23:31:44'
);

-- 채용 공고 insert --
INSERT INTO job (company_id, occupation_id, title, description, address, main_task, required_skills, required_traits, skill_keywords, trait_keywords, start_date, end_date, enroll_email, notice, created_by, created_at, updated_by, updated_at)
values
('40', '272', '백엔드 개발자 모집', '우수한 인재를 채용합니다.', '서울특별시 강남구 테헤란로 212', '서비스 운영 및 관리', 'JavaScript', '책임감', '분석력', '커뮤니케이션', '2025-05-15', '2025-06-14', 'hr1@company.com', '이력서 제출 필수', 'admin1', '2025-05-15 07:43:16', 'admin1', '2025-05-15 07:43:16'),
('30', '400', '프론트엔드 개발자 채용', '책임감 있고 능력 있는 분을 찾습니다.', '부산광역시 해운대구 센텀동로 45', '고객 응대 및 데이터 입력', 'Node.js', '리더십', '문제해결', '문제해결', '2025-05-15', '2025-06-14', 'hr2@company.com', '포트폴리오 첨부 바랍니다.', 'admin2', '2025-05-15 07:43:16', 'admin2', '2025-05-15 07:43:16'),
('25', '957', '데이터 분석가 채용', '팀워크가 좋은 환경에서 근무합니다.', '대구광역시 수성구 동대구로 345', '소프트웨어 개발', 'Linux', '창의성', '문제해결', '분석력', '2025-05-15', '2025-06-14', 'hr3@company.com', '면접 일정 개별 연락', 'admin3', '2025-05-15 07:43:16', 'admin3', '2025-05-15 07:43:16'),
('49', '607', 'AI 연구원 모집', '경쟁력 있는 연봉을 제공합니다.', '인천광역시 연수구 송도미래로 30', '마케팅 전략 수립', 'SQL', '리더십', '커뮤니케이션', '문제해결', '2025-05-15', '2025-06-14', 'hr4@company.com', '정규직 전환 가능성 있음', 'admin4', '2025-05-15 07:43:16', 'admin4', '2025-05-15 07:43:16'),
('4', '1063', '웹디자이너 구인', '기술 중심의 회사를 지향합니다.', '광주광역시 북구 우치로 77', '제품 디자인', 'HTML/CSS', '책임감', '도전정신', '도전정신', '2025-05-15', '2025-06-14', 'hr5@company.com', '채용 시 공고 마감', 'admin5', '2025-05-15 07:43:16', 'admin5', '2025-05-15 07:43:16'),
('7', '761', '마케팅 전문가 모집', '우수한 인재를 채용합니다.', '대전광역시 유성구 대학로 99', '서비스 운영 및 관리', 'HTML/CSS', '리더십', '커뮤니케이션', '문제해결', '2025-05-15', '2025-06-14', 'hr6@company.com', '연봉 협의 가능', 'admin6', '2025-05-15 07:43:16', 'admin6', '2025-05-15 07:43:16'),
('31', '92', '인사 담당자 채용', '책임감 있고 능력 있는 분을 찾습니다.', '울산광역시 남구 삼산로 55', '고객 응대 및 데이터 입력', 'Java', '리더십', '커뮤니케이션', '문제해결', '2025-05-15', '2025-06-14', 'hr7@company.com', '사내 복지 제공', 'admin7', '2025-05-15 07:43:16', 'admin7', '2025-05-15 07:43:16'),
('10', '1066', '재무 회계 전문가', '팀워크가 좋은 환경에서 근무합니다.', '경기도 수원시 영통구 광교로 145', '소프트웨어 개발', 'Linux', '협업능력', '기술력', '기술력', '2025-05-15', '2025-06-14', 'hr8@company.com', '재택근무 일부 가능', 'admin8', '2025-05-15 07:43:16', 'admin8', '2025-05-15 07:43:16'),
('2', '192', '생산 관리자 채용', '경쟁력 있는 연봉을 제공합니다.', '강원도 춘천시 중앙로 54', '마케팅 전략 수립', 'Spring', '협업능력', '도전정신', '분석력', '2025-05-15', '2025-06-14', 'hr9@company.com', '주 5일 근무제', 'admin9', '2025-05-15 07:43:16', 'admin9', '2025-05-15 07:43:16'),
('3', '626', '물류 운영 관리자', '기술 중심의 회사를 지향합니다.', '제주특별자치도 제주시 중앙로 217', '제품 디자인', 'Python', '성실함', '도전정신', '분석력', '2025-05-15', '2025-06-14', 'hr10@company.com', '식사 제공', 'admin10', '2025-05-15 07:43:16', 'admin10', '2025-05-15 07:43:16');

-- insert career--
INSERT INTO career (
    id, resume_id, career_type, company_name, department_name,
    position_title, start_date, end_date, salary, career_summary,
    created_by, created_at, updated_by, updated_at
) VALUES (
    1, 1001, 'exp', '회사명1', '개발팀', '백엔드 개발자',
    '2018-12-31', '2020-12-30',
    38600000, '주요 프로젝트 및 성과 중심 요약 1',
    '사용자1', CURRENT_TIMESTAMP, '사용자1', CURRENT_TIMESTAMP
);

INSERT INTO career (
    id, resume_id, career_type, company_name, department_name,
    position_title, start_date, end_date, salary, career_summary,
    created_by, created_at, updated_by, updated_at
) VALUES (
    2, 1002, 'exp', '회사명2', '개발팀', '백엔드 개발자',
    '2018-12-31', '2019-12-31',
    34160000, '주요 프로젝트 및 성과 중심 요약 2',
    '사용자2', CURRENT_TIMESTAMP, '사용자2', CURRENT_TIMESTAMP
);

INSERT INTO career (
    id, resume_id, career_type, company_name, department_name,
    position_title, start_date, end_date, salary, career_summary,
    created_by, created_at, updated_by, updated_at
) VALUES (
    3, 1003, 'exp', '회사명3', '개발팀', '백엔드 개발자',
    '2016-01-01', '2018-12-31',
    45790000, '주요 프로젝트 및 성과 중심 요약 3',
    '사용자3', CURRENT_TIMESTAMP, '사용자3', CURRENT_TIMESTAMP
);

INSERT INTO career (
    id, resume_id, career_type, company_name, department_name,
    position_title, start_date, end_date, salary, career_summary,
    created_by, created_at, updated_by, updated_at
) VALUES (
    4, 1004, 'exp', '회사명4', '개발팀', '백엔드 개발자',
    '2016-12-31', '2019-12-31',
    28970000, '주요 프로젝트 및 성과 중심 요약 4',
    '사용자4', CURRENT_TIMESTAMP, '사용자4', CURRENT_TIMESTAMP
);

INSERT INTO career (
    id, resume_id, career_type, company_name, department_name,
    position_title, start_date, end_date, salary, career_summary,
    created_by, created_at, updated_by, updated_at
) VALUES (
    5, 1005, 'exp', '회사명5', '개발팀', '백엔드 개발자',
    '2018-12-31', '2021-12-30',
    41520000, '주요 프로젝트 및 성과 중심 요약 5',
    '사용자5', CURRENT_TIMESTAMP, '사용자5', CURRENT_TIMESTAMP
);

INSERT INTO career (
    id, resume_id, career_type, company_name, department_name,
    position_title, start_date, end_date, salary, career_summary,
    created_by, created_at, updated_by, updated_at
) VALUES (
    6, 1006, 'exp', '회사명6', '개발팀', '백엔드 개발자',
    '2017-12-31', '2019-12-31',
    37150000, '주요 프로젝트 및 성과 중심 요약 6',
    '사용자6', CURRENT_TIMESTAMP, '사용자6', CURRENT_TIMESTAMP
);

INSERT INTO career (
    id, resume_id, career_type, company_name, department_name,
    position_title, start_date, end_date, salary, career_summary,
    created_by, created_at, updated_by, updated_at
) VALUES (
    7, 1007, 'exp', '회사명7', '개발팀', '백엔드 개발자',
    '2019-12-31', '2022-12-30',
    40690000, '주요 프로젝트 및 성과 중심 요약 7',
    '사용자7', CURRENT_TIMESTAMP, '사용자7', CURRENT_TIMESTAMP
);

INSERT INTO career (
    id, resume_id, career_type, company_name, department_name,
    position_title, start_date, end_date, salary, career_summary,
    created_by, created_at, updated_by, updated_at
) VALUES (
    8, 1008, 'exp', '회사명8', '개발팀', '백엔드 개발자',
    '2019-12-31', '2020-12-30',
    46960000, '주요 프로젝트 및 성과 중심 요약 8',
    '사용자8', CURRENT_TIMESTAMP, '사용자8', CURRENT_TIMESTAMP
);

INSERT INTO career (
    id, resume_id, career_type, company_name, department_name,
    position_title, start_date, end_date, salary, career_summary,
    created_by, created_at, updated_by, updated_at
) VALUES (
    9, 1009, 'exp', '회사명9', '개발팀', '백엔드 개발자',
    '2017-12-31', '2018-12-31',
    28590000, '주요 프로젝트 및 성과 중심 요약 9',
    '사용자9', CURRENT_TIMESTAMP, '사용자9', CURRENT_TIMESTAMP
);

INSERT INTO career (
    id, resume_id, career_type, company_name, department_name,
    position_title, start_date, end_date, salary, career_summary,
    created_by, created_at, updated_by, updated_at
) VALUES (
    10, 1010, 'exp', '회사명10', '개발팀', '백엔드 개발자',
    '2015-01-01', '2017-12-31',
    40470000, '주요 프로젝트 및 성과 중심 요약 10',
    '사용자10', CURRENT_TIMESTAMP, '사용자10', CURRENT_TIMESTAMP
);

INSERT INTO career (
    id, resume_id, career_type, company_name, department_name,
    position_title, start_date, end_date, salary, career_summary,
    created_by, created_at, updated_by, updated_at
) VALUES (
    11, 1011, 'exp', '회사명11', '개발팀', '백엔드 개발자',
    '2018-12-31', '2019-12-31',
    33540000, '주요 프로젝트 및 성과 중심 요약 11',
    '사용자11', CURRENT_TIMESTAMP, '사용자11', CURRENT_TIMESTAMP
);

INSERT INTO career (
    id, resume_id, career_type, company_name, department_name,
    position_title, start_date, end_date, salary, career_summary,
    created_by, created_at, updated_by, updated_at
) VALUES (
    12, 1012, 'exp', '회사명12', '개발팀', '백엔드 개발자',
    '2016-12-31', '2017-12-31',
    42350000, '주요 프로젝트 및 성과 중심 요약 12',
    '사용자12', CURRENT_TIMESTAMP, '사용자12', CURRENT_TIMESTAMP
);

INSERT INTO career (
    id, resume_id, career_type, company_name, department_name,
    position_title, start_date, end_date, salary, career_summary,
    created_by, created_at, updated_by, updated_at
) VALUES (
    13, 1013, 'exp', '회사명13', '개발팀', '백엔드 개발자',
    '2019-12-31', '2021-12-30',
    49270000, '주요 프로젝트 및 성과 중심 요약 13',
    '사용자13', CURRENT_TIMESTAMP, '사용자13', CURRENT_TIMESTAMP
);

INSERT INTO career (
    id, resume_id, career_type, company_name, department_name,
    position_title, start_date, end_date, salary, career_summary,
    created_by, created_at, updated_by, updated_at
) VALUES (
    14, 1014, 'exp', '회사명14', '개발팀', '백엔드 개발자',
    '2016-12-31', '2017-12-31',
    36710000, '주요 프로젝트 및 성과 중심 요약 14',
    '사용자14', CURRENT_TIMESTAMP, '사용자14', CURRENT_TIMESTAMP
);

INSERT INTO career (
    id, resume_id, career_type, company_name, department_name,
    position_title, start_date, end_date, salary, career_summary,
    created_by, created_at, updated_by, updated_at
) VALUES (
    15, 1015, 'exp', '회사명15', '개발팀', '백엔드 개발자',
    '2018-12-31', '2019-12-31',
    27700000, '주요 프로젝트 및 성과 중심 요약 15',
    '사용자15', CURRENT_TIMESTAMP, '사용자15', CURRENT_TIMESTAMP
);

INSERT INTO career (
    id, resume_id, career_type, company_name, department_name,
    position_title, start_date, end_date, salary, career_summary,
    created_by, created_at, updated_by, updated_at
) VALUES (
    16, 1016, 'exp', '회사명16', '개발팀', '백엔드 개발자',
    '2016-01-01', '2017-12-31',
    27610000, '주요 프로젝트 및 성과 중심 요약 16',
    '사용자16', CURRENT_TIMESTAMP, '사용자16', CURRENT_TIMESTAMP
);

INSERT INTO career (
    id, resume_id, career_type, company_name, department_name,
    position_title, start_date, end_date, salary, career_summary,
    created_by, created_at, updated_by, updated_at
) VALUES (
    17, 1017, 'exp', '회사명17', '개발팀', '백엔드 개발자',
    '2019-12-31', '2021-12-30',
    37210000, '주요 프로젝트 및 성과 중심 요약 17',
    '사용자17', CURRENT_TIMESTAMP, '사용자17', CURRENT_TIMESTAMP
);

INSERT INTO career (
    id, resume_id, career_type, company_name, department_name,
    position_title, start_date, end_date, salary, career_summary,
    created_by, created_at, updated_by, updated_at
) VALUES (
    18, 1018, 'exp', '회사명18', '개발팀', '백엔드 개발자',
    '2019-12-31', '2022-12-30',
    34140000, '주요 프로젝트 및 성과 중심 요약 18',
    '사용자18', CURRENT_TIMESTAMP, '사용자18', CURRENT_TIMESTAMP
);

INSERT INTO career (
    id, resume_id, career_type, company_name, department_name,
    position_title, start_date, end_date, salary, career_summary,
    created_by, created_at, updated_by, updated_at
) VALUES (
    19, 1019, 'exp', '회사명19', '개발팀', '백엔드 개발자',
    '2016-01-01', '2017-12-31',
    30250000, '주요 프로젝트 및 성과 중심 요약 19',
    '사용자19', CURRENT_TIMESTAMP, '사용자19', CURRENT_TIMESTAMP
);

INSERT INTO career (
    id, resume_id, career_type, company_name, department_name,
    position_title, start_date, end_date, salary, career_summary,
    created_by, created_at, updated_by, updated_at
) VALUES (
    20, 1020, 'exp', '회사명20', '개발팀', '백엔드 개발자',
    '2018-12-31', '2019-12-31',
    44080000, '주요 프로젝트 및 성과 중심 요약 20',
    '사용자20', CURRENT_TIMESTAMP, '사용자20', CURRENT_TIMESTAMP
);

INSERT INTO career (
    id, resume_id, career_type, company_name, department_name,
    position_title, start_date, end_date, salary, career_summary,
    created_by, created_at, updated_by, updated_at
) VALUES (
    21, 1021, 'exp', '회사명21', '개발팀', '백엔드 개발자',
    '2019-12-31', '2022-12-30',
    38790000, '주요 프로젝트 및 성과 중심 요약 21',
    '사용자21', CURRENT_TIMESTAMP, '사용자21', CURRENT_TIMESTAMP
);

INSERT INTO career (
    id, resume_id, career_type, company_name, department_name,
    position_title, start_date, end_date, salary, career_summary,
    created_by, created_at, updated_by, updated_at
) VALUES (
    22, 1022, 'exp', '회사명22', '개발팀', '백엔드 개발자',
    '2016-01-01', '2018-12-31',
    38470000, '주요 프로젝트 및 성과 중심 요약 22',
    '사용자22', CURRENT_TIMESTAMP, '사용자22', CURRENT_TIMESTAMP
);

INSERT INTO career (
    id, resume_id, career_type, company_name, department_name,
    position_title, start_date, end_date, salary, career_summary,
    created_by, created_at, updated_by, updated_at
) VALUES (
    23, 1023, 'exp', '회사명23', '개발팀', '백엔드 개발자',
    '2016-01-01', '2018-12-31',
    45160000, '주요 프로젝트 및 성과 중심 요약 23',
    '사용자23', CURRENT_TIMESTAMP, '사용자23', CURRENT_TIMESTAMP
);

INSERT INTO career (
    id, resume_id, career_type, company_name, department_name,
    position_title, start_date, end_date, salary, career_summary,
    created_by, created_at, updated_by, updated_at
) VALUES (
    24, 1024, 'exp', '회사명24', '개발팀', '백엔드 개발자',
    '2016-01-01', '2017-12-31',
    45940000, '주요 프로젝트 및 성과 중심 요약 24',
    '사용자24', CURRENT_TIMESTAMP, '사용자24', CURRENT_TIMESTAMP
);

INSERT INTO career (
    id, resume_id, career_type, company_name, department_name,
    position_title, start_date, end_date, salary, career_summary,
    created_by, created_at, updated_by, updated_at
) VALUES (
    25, 1025, 'exp', '회사명25', '개발팀', '백엔드 개발자',
    '2019-12-31', '2020-12-30',
    26200000, '주요 프로젝트 및 성과 중심 요약 25',
    '사용자25', CURRENT_TIMESTAMP, '사용자25', CURRENT_TIMESTAMP
);

INSERT INTO career (
    id, resume_id, career_type, company_name, department_name,
    position_title, start_date, end_date, salary, career_summary,
    created_by, created_at, updated_by, updated_at
) VALUES (
    26, 1026, 'exp', '회사명26', '개발팀', '백엔드 개발자',
    '2016-12-31', '2018-12-31',
    34840000, '주요 프로젝트 및 성과 중심 요약 26',
    '사용자26', CURRENT_TIMESTAMP, '사용자26', CURRENT_TIMESTAMP
);

INSERT INTO career (
    id, resume_id, career_type, company_name, department_name,
    position_title, start_date, end_date, salary, career_summary,
    created_by, created_at, updated_by, updated_at
) VALUES (
    27, 1027, 'exp', '회사명27', '개발팀', '백엔드 개발자',
    '2018-12-31', '2020-12-30',
    26940000, '주요 프로젝트 및 성과 중심 요약 27',
    '사용자27', CURRENT_TIMESTAMP, '사용자27', CURRENT_TIMESTAMP
);

INSERT INTO career (
    id, resume_id, career_type, company_name, department_name,
    position_title, start_date, end_date, salary, career_summary,
    created_by, created_at, updated_by, updated_at
) VALUES (
    28, 1028, 'exp', '회사명28', '개발팀', '백엔드 개발자',
    '2016-12-31', '2019-12-31',
    49440000, '주요 프로젝트 및 성과 중심 요약 28',
    '사용자28', CURRENT_TIMESTAMP, '사용자28', CURRENT_TIMESTAMP
);

INSERT INTO career (
    id, resume_id, career_type, company_name, department_name,
    position_title, start_date, end_date, salary, career_summary,
    created_by, created_at, updated_by, updated_at
) VALUES (
    29, 1029, 'exp', '회사명29', '개발팀', '백엔드 개발자',
    '2015-01-01', '2016-01-01',
    28070000, '주요 프로젝트 및 성과 중심 요약 29',
    '사용자29', CURRENT_TIMESTAMP, '사용자29', CURRENT_TIMESTAMP
);

INSERT INTO career (
    id, resume_id, career_type, company_name, department_name,
    position_title, start_date, end_date, salary, career_summary,
    created_by, created_at, updated_by, updated_at
) VALUES (
    30, 1030, 'exp', '회사명30', '개발팀', '백엔드 개발자',
    '2019-12-31', '2020-12-30',
    41540000, '주요 프로젝트 및 성과 중심 요약 30',
    '사용자30', CURRENT_TIMESTAMP, '사용자30', CURRENT_TIMESTAMP
);

INSERT INTO career (
    id, resume_id, career_type, company_name, department_name,
    position_title, start_date, end_date, salary, career_summary,
    created_by, created_at, updated_by, updated_at
) VALUES (
    31, 1031, 'exp', '회사명31', '개발팀', '백엔드 개발자',
    '2019-12-31', '2022-12-30',
    40320000, '주요 프로젝트 및 성과 중심 요약 31',
    '사용자31', CURRENT_TIMESTAMP, '사용자31', CURRENT_TIMESTAMP
);

INSERT INTO career (
    id, resume_id, career_type, company_name, department_name,
    position_title, start_date, end_date, salary, career_summary,
    created_by, created_at, updated_by, updated_at
) VALUES (
    32, 1032, 'exp', '회사명32', '개발팀', '백엔드 개발자',
    '2019-12-31', '2020-12-30',
    38930000, '주요 프로젝트 및 성과 중심 요약 32',
    '사용자32', CURRENT_TIMESTAMP, '사용자32', CURRENT_TIMESTAMP
);

INSERT INTO career (
    id, resume_id, career_type, company_name, department_name,
    position_title, start_date, end_date, salary, career_summary,
    created_by, created_at, updated_by, updated_at
) VALUES (
    33, 1033, 'exp', '회사명33', '개발팀', '백엔드 개발자',
    '2017-12-31', '2020-12-30',
    47220000, '주요 프로젝트 및 성과 중심 요약 33',
    '사용자33', CURRENT_TIMESTAMP, '사용자33', CURRENT_TIMESTAMP
);

INSERT INTO career (
    id, resume_id, career_type, company_name, department_name,
    position_title, start_date, end_date, salary, career_summary,
    created_by, created_at, updated_by, updated_at
) VALUES (
    34, 1034, 'exp', '회사명34', '개발팀', '백엔드 개발자',
    '2016-12-31', '2017-12-31',
    42150000, '주요 프로젝트 및 성과 중심 요약 34',
    '사용자34', CURRENT_TIMESTAMP, '사용자34', CURRENT_TIMESTAMP
);

INSERT INTO career (
    id, resume_id, career_type, company_name, department_name,
    position_title, start_date, end_date, salary, career_summary,
    created_by, created_at, updated_by, updated_at
) VALUES (
    35, 1035, 'exp', '회사명35', '개발팀', '백엔드 개발자',
    '2018-12-31', '2021-12-30',
    45520000, '주요 프로젝트 및 성과 중심 요약 35',
    '사용자35', CURRENT_TIMESTAMP, '사용자35', CURRENT_TIMESTAMP
);

INSERT INTO career (
    id, resume_id, career_type, company_name, department_name,
    position_title, start_date, end_date, salary, career_summary,
    created_by, created_at, updated_by, updated_at
) VALUES (
    36, 1036, 'exp', '회사명36', '개발팀', '백엔드 개발자',
    '2016-01-01', '2016-12-31',
    43730000, '주요 프로젝트 및 성과 중심 요약 36',
    '사용자36', CURRENT_TIMESTAMP, '사용자36', CURRENT_TIMESTAMP
);

INSERT INTO career (
    id, resume_id, career_type, company_name, department_name,
    position_title, start_date, end_date, salary, career_summary,
    created_by, created_at, updated_by, updated_at
) VALUES (
    37, 1037, 'exp', '회사명37', '개발팀', '백엔드 개발자',
    '2019-12-31', '2020-12-30',
    46080000, '주요 프로젝트 및 성과 중심 요약 37',
    '사용자37', CURRENT_TIMESTAMP, '사용자37', CURRENT_TIMESTAMP
);

INSERT INTO career (
    id, resume_id, career_type, company_name, department_name,
    position_title, start_date, end_date, salary, career_summary,
    created_by, created_at, updated_by, updated_at
) VALUES (
    38, 1038, 'exp', '회사명38', '개발팀', '백엔드 개발자',
    '2017-12-31', '2019-12-31',
    30140000, '주요 프로젝트 및 성과 중심 요약 38',
    '사용자38', CURRENT_TIMESTAMP, '사용자38', CURRENT_TIMESTAMP
);

INSERT INTO career (
    id, resume_id, career_type, company_name, department_name,
    position_title, start_date, end_date, salary, career_summary,
    created_by, created_at, updated_by, updated_at
) VALUES (
    39, 1039, 'exp', '회사명39', '개발팀', '백엔드 개발자',
    '2018-12-31', '2019-12-31',
    42890000, '주요 프로젝트 및 성과 중심 요약 39',
    '사용자39', CURRENT_TIMESTAMP, '사용자39', CURRENT_TIMESTAMP
);

INSERT INTO career (
    id, resume_id, career_type, company_name, department_name,
    position_title, start_date, end_date, salary, career_summary,
    created_by, created_at, updated_by, updated_at
) VALUES (
    40, 1040, 'exp', '회사명40', '개발팀', '백엔드 개발자',
    '2015-01-01', '2016-12-31',
    45210000, '주요 프로젝트 및 성과 중심 요약 40',
    '사용자40', CURRENT_TIMESTAMP, '사용자40', CURRENT_TIMESTAMP
);

INSERT INTO career (
    id, resume_id, career_type, company_name, department_name,
    position_title, start_date, end_date, salary, career_summary,
    created_by, created_at, updated_by, updated_at
) VALUES (
    41, 1041, 'exp', '회사명41', '개발팀', '백엔드 개발자',
    '2016-12-31', '2019-12-31',
    44090000, '주요 프로젝트 및 성과 중심 요약 41',
    '사용자41', CURRENT_TIMESTAMP, '사용자41', CURRENT_TIMESTAMP
);

INSERT INTO career (
    id, resume_id, career_type, company_name, department_name,
    position_title, start_date, end_date, salary, career_summary,
    created_by, created_at, updated_by, updated_at
) VALUES (
    42, 1042, 'exp', '회사명42', '개발팀', '백엔드 개발자',
    '2019-12-31', '2020-12-30',
    34600000, '주요 프로젝트 및 성과 중심 요약 42',
    '사용자42', CURRENT_TIMESTAMP, '사용자42', CURRENT_TIMESTAMP
);

INSERT INTO career (
    id, resume_id, career_type, company_name, department_name,
    position_title, start_date, end_date, salary, career_summary,
    created_by, created_at, updated_by, updated_at
) VALUES (
    43, 1043, 'exp', '회사명43', '개발팀', '백엔드 개발자',
    '2016-12-31', '2019-12-31',
    33450000, '주요 프로젝트 및 성과 중심 요약 43',
    '사용자43', CURRENT_TIMESTAMP, '사용자43', CURRENT_TIMESTAMP
);

INSERT INTO career (
    id, resume_id, career_type, company_name, department_name,
    position_title, start_date, end_date, salary, career_summary,
    created_by, created_at, updated_by, updated_at
) VALUES (
    44, 1044, 'exp', '회사명44', '개발팀', '백엔드 개발자',
    '2015-01-01', '2016-01-01',
    34800000, '주요 프로젝트 및 성과 중심 요약 44',
    '사용자44', CURRENT_TIMESTAMP, '사용자44', CURRENT_TIMESTAMP
);

INSERT INTO career (
    id, resume_id, career_type, company_name, department_name,
    position_title, start_date, end_date, salary, career_summary,
    created_by, created_at, updated_by, updated_at
) VALUES (
    45, 1045, 'exp', '회사명45', '개발팀', '백엔드 개발자',
    '2018-12-31', '2019-12-31',
    25650000, '주요 프로젝트 및 성과 중심 요약 45',
    '사용자45', CURRENT_TIMESTAMP, '사용자45', CURRENT_TIMESTAMP
);

INSERT INTO career (
    id, resume_id, career_type, company_name, department_name,
    position_title, start_date, end_date, salary, career_summary,
    created_by, created_at, updated_by, updated_at
) VALUES (
    46, 1046, 'exp', '회사명46', '개발팀', '백엔드 개발자',
    '2015-01-01', '2016-01-01',
    41520000, '주요 프로젝트 및 성과 중심 요약 46',
    '사용자46', CURRENT_TIMESTAMP, '사용자46', CURRENT_TIMESTAMP
);

INSERT INTO career (
    id, resume_id, career_type, company_name, department_name,
    position_title, start_date, end_date, salary, career_summary,
    created_by, created_at, updated_by, updated_at
) VALUES (
    47, 1047, 'exp', '회사명47', '개발팀', '백엔드 개발자',
    '2016-01-01', '2016-12-31',
    28550000, '주요 프로젝트 및 성과 중심 요약 47',
    '사용자47', CURRENT_TIMESTAMP, '사용자47', CURRENT_TIMESTAMP
);

INSERT INTO career (
    id, resume_id, career_type, company_name, department_name,
    position_title, start_date, end_date, salary, career_summary,
    created_by, created_at, updated_by, updated_at
) VALUES (
    48, 1048, 'exp', '회사명48', '개발팀', '백엔드 개발자',
    '2019-12-31', '2022-12-30',
    43700000, '주요 프로젝트 및 성과 중심 요약 48',
    '사용자48', CURRENT_TIMESTAMP, '사용자48', CURRENT_TIMESTAMP
);

INSERT INTO career (
    id, resume_id, career_type, company_name, department_name,
    position_title, start_date, end_date, salary, career_summary,
    created_by, created_at, updated_by, updated_at
) VALUES (
    49, 1049, 'exp', '회사명49', '개발팀', '백엔드 개발자',
    '2016-01-01', '2018-12-31',
    34670000, '주요 프로젝트 및 성과 중심 요약 49',
    '사용자49', CURRENT_TIMESTAMP, '사용자49', CURRENT_TIMESTAMP
);

INSERT INTO career (
    id, resume_id, career_type, company_name, department_name,
    position_title, start_date, end_date, salary, career_summary,
    created_by, created_at, updated_by, updated_at
) VALUES (
    50, 1050, 'exp', '회사명50', '개발팀', '백엔드 개발자',
    '2016-12-31', '2019-12-31',
    49000000, '주요 프로젝트 및 성과 중심 요약 50',
    '사용자50', CURRENT_TIMESTAMP, '사용자50', CURRENT_TIMESTAMP
);

-- company_log --

INSERT INTO company_log (company_id, log_date) VALUES (1, '2024-05-01');
INSERT INTO company_log (company_id, log_date) VALUES (2, '2024-05-02');
INSERT INTO company_log (company_id, log_date) VALUES (3, '2024-05-03');
INSERT INTO company_log (company_id, log_date) VALUES (4, '2024-05-04');
INSERT INTO company_log (company_id, log_date) VALUES (5, '2024-05-05');
INSERT INTO company_log (company_id, log_date) VALUES (6, '2024-05-06');
INSERT INTO company_log (company_id, log_date) VALUES (7, '2024-05-07');
INSERT INTO company_log (company_id, log_date) VALUES (8, '2024-05-08');
INSERT INTO company_log (company_id, log_date) VALUES (9, '2024-05-09');
INSERT INTO company_log (company_id, log_date) VALUES (10, '2024-05-10');
INSERT INTO company_log (company_id, log_date) VALUES (11, '2024-05-11');
INSERT INTO company_log (company_id, log_date) VALUES (12, '2024-05-12');
INSERT INTO company_log (company_id, log_date) VALUES (13, '2024-05-13');
INSERT INTO company_log (company_id, log_date) VALUES (14, '2024-05-14');
INSERT INTO company_log (company_id, log_date) VALUES (15, '2024-05-15');
INSERT INTO company_log (company_id, log_date) VALUES (16, '2024-05-16');
INSERT INTO company_log (company_id, log_date) VALUES (17, '2024-05-17');
INSERT INTO company_log (company_id, log_date) VALUES (18, '2024-05-18');
INSERT INTO company_log (company_id, log_date) VALUES (19, '2024-05-19');
INSERT INTO company_log (company_id, log_date) VALUES (20, '2024-05-20');
INSERT INTO company_log (company_id, log_date) VALUES (1, '2024-05-21');
INSERT INTO company_log (company_id, log_date) VALUES (2, '2024-05-22');
INSERT INTO company_log (company_id, log_date) VALUES (3, '2024-05-23');
INSERT INTO company_log (company_id, log_date) VALUES (4, '2024-05-24');
INSERT INTO company_log (company_id, log_date) VALUES (5, '2024-05-25');
INSERT INTO company_log (company_id, log_date) VALUES (6, '2024-05-26');
INSERT INTO company_log (company_id, log_date) VALUES (7, '2024-05-27');
INSERT INTO company_log (company_id, log_date) VALUES (8, '2024-05-28');
INSERT INTO company_log (company_id, log_date) VALUES (9, '2024-05-29');
INSERT INTO company_log (company_id, log_date) VALUES (10, '2024-05-30');
INSERT INTO company_log (company_id, log_date) VALUES (11, '2024-05-01');
INSERT INTO company_log (company_id, log_date) VALUES (12, '2024-05-02');
INSERT INTO company_log (company_id, log_date) VALUES (13, '2024-05-03');
INSERT INTO company_log (company_id, log_date) VALUES (14, '2024-05-04');
INSERT INTO company_log (company_id, log_date) VALUES (15, '2024-05-05');
INSERT INTO company_log (company_id, log_date) VALUES (16, '2024-05-06');
INSERT INTO company_log (company_id, log_date) VALUES (17, '2024-05-07');
INSERT INTO company_log (company_id, log_date) VALUES (18, '2024-05-08');
INSERT INTO company_log (company_id, log_date) VALUES (19, '2024-05-09');
INSERT INTO company_log (company_id, log_date) VALUES (20, '2024-05-10');
INSERT INTO company_log (company_id, log_date) VALUES (1, '2024-05-11');
INSERT INTO company_log (company_id, log_date) VALUES (2, '2024-05-12');
INSERT INTO company_log (company_id, log_date) VALUES (3, '2024-05-13');
INSERT INTO company_log (company_id, log_date) VALUES (4, '2024-05-14');
INSERT INTO company_log (company_id, log_date) VALUES (5, '2024-05-15');
INSERT INTO company_log (company_id, log_date) VALUES (6, '2024-05-16');
INSERT INTO company_log (company_id, log_date) VALUES (7, '2024-05-17');
INSERT INTO company_log (company_id, log_date) VALUES (8, '2024-05-18');

INSERT INTO job_bookmark (id, user_id, job_id) VALUES (1, 28, 2);
INSERT INTO job_bookmark (id, user_id, job_id) VALUES (2, 7, 7);
INSERT INTO job_bookmark (id, user_id, job_id) VALUES (3, 5, 2);
INSERT INTO job_bookmark (id, user_id, job_id) VALUES (4, 27, 3);
INSERT INTO job_bookmark (id, user_id, job_id) VALUES (5, 47, 1);
INSERT INTO job_bookmark (id, user_id, job_id) VALUES (6, 29, 7);
INSERT INTO job_bookmark (id, user_id, job_id) VALUES (7, 44, 7);
INSERT INTO job_bookmark (id, user_id, job_id) VALUES (8, 2, 8);
INSERT INTO job_bookmark (id, user_id, job_id) VALUES (9, 21, 5);
INSERT INTO job_bookmark (id, user_id, job_id) VALUES (10, 6, 6);

INSERT INTO resume_bookmark (id, company_id, resume_id)
VALUES (1, 23, 1023);
INSERT INTO resume_bookmark (id, company_id, resume_id)
VALUES (2, 18, 1045);
INSERT INTO resume_bookmark (id, company_id, resume_id)
VALUES (3, 45, 1035);
INSERT INTO resume_bookmark (id, company_id, resume_id)
VALUES (4, 35, 1006);
INSERT INTO resume_bookmark (id, company_id, resume_id)
VALUES (5, 8, 1025);
INSERT INTO resume_bookmark (id, company_id, resume_id)
VALUES (6, 16, 1011);
INSERT INTO resume_bookmark (id, company_id, resume_id)
VALUES (7, 15, 1009);
INSERT INTO resume_bookmark (id, company_id, resume_id)
VALUES (8, 49, 1011);
INSERT INTO resume_bookmark (id, company_id, resume_id)
VALUES (9, 3, 1047);
INSERT INTO resume_bookmark (id, company_id, resume_id)
VALUES (10, 44, 1042);
INSERT INTO resume_bookmark (id, company_id, resume_id)
VALUES (11, 15, 1033);
INSERT INTO resume_bookmark (id, company_id, resume_id)
VALUES (12, 46, 1042);
INSERT INTO resume_bookmark (id, company_id, resume_id)
VALUES (13, 36, 1013);
INSERT INTO resume_bookmark (id, company_id, resume_id)
VALUES (14, 44, 1048);
INSERT INTO resume_bookmark (id, company_id, resume_id)
VALUES (15, 19, 1006);
INSERT INTO resume_bookmark (id, company_id, resume_id)
VALUES (16, 2, 1048);
INSERT INTO resume_bookmark (id, company_id, resume_id)
VALUES (17, 29, 1038);
INSERT INTO resume_bookmark (id, company_id, resume_id)
VALUES (18, 45, 1028);
INSERT INTO resume_bookmark (id, company_id, resume_id)
VALUES (19, 6, 1036);
INSERT INTO resume_bookmark (id, company_id, resume_id)
VALUES (20, 25, 1007);
INSERT INTO resume_bookmark (id, company_id, resume_id)
VALUES (21, 18, 1001);
INSERT INTO resume_bookmark (id, company_id, resume_id)
VALUES (22, 46, 1005);
INSERT INTO resume_bookmark (id, company_id, resume_id)
VALUES (23, 24, 1011);
INSERT INTO resume_bookmark (id, company_id, resume_id)
VALUES (24, 39, 1002);
INSERT INTO resume_bookmark (id, company_id, resume_id)
VALUES (25, 3, 1043);
INSERT INTO resume_bookmark (id, company_id, resume_id)
VALUES (26, 14, 1043);
INSERT INTO resume_bookmark (id, company_id, resume_id)
VALUES (27, 24, 1023);
INSERT INTO resume_bookmark (id, company_id, resume_id)
VALUES (28, 39, 1017);
INSERT INTO resume_bookmark (id, company_id, resume_id)
VALUES (29, 18, 1016);
INSERT INTO resume_bookmark (id, company_id, resume_id)
VALUES (30, 6, 1014);
INSERT INTO resume_bookmark (id, company_id, resume_id)
VALUES (31, 49, 1022);
INSERT INTO resume_bookmark (id, company_id, resume_id)
VALUES (32, 38, 1028);
INSERT INTO resume_bookmark (id, company_id, resume_id)
VALUES (33, 35, 1047);
INSERT INTO resume_bookmark (id, company_id, resume_id)
VALUES (34, 41, 1008);
INSERT INTO resume_bookmark (id, company_id, resume_id)
VALUES (35, 27, 1015);
INSERT INTO resume_bookmark (id, company_id, resume_id)
VALUES (36, 41, 1011);
INSERT INTO resume_bookmark (id, company_id, resume_id)
VALUES (37, 15, 1050);
INSERT INTO resume_bookmark (id, company_id, resume_id)
VALUES (38, 10, 1014);
INSERT INTO resume_bookmark (id, company_id, resume_id)
VALUES (39, 25, 1018);
INSERT INTO resume_bookmark (id, company_id, resume_id)
VALUES (40, 7, 1006);
INSERT INTO resume_bookmark (id, company_id, resume_id)
VALUES (41, 48, 1007);
INSERT INTO resume_bookmark (id, company_id, resume_id)
VALUES (42, 15, 1007);
INSERT INTO resume_bookmark (id, company_id, resume_id)
VALUES (43, 5, 1039);
INSERT INTO resume_bookmark (id, company_id, resume_id)
VALUES (44, 30, 1035);
INSERT INTO resume_bookmark (id, company_id, resume_id)
VALUES (45, 30, 1041);
INSERT INTO resume_bookmark (id, company_id, resume_id)
VALUES (46, 19, 1041);
INSERT INTO resume_bookmark (id, company_id, resume_id)
VALUES (47, 3, 1002);
INSERT INTO resume_bookmark (id, company_id, resume_id)
VALUES (48, 40, 1024);
INSERT INTO resume_bookmark (id, company_id, resume_id)
VALUES (49, 37, 1013);
INSERT INTO resume_bookmark (id, company_id, resume_id)
VALUES (50, 22, 1018);

insert into attached_items (reference_id, type, original_name, system_name, path, status, created_by, created_at, updated_by, updated_at)
values
(2, 'CO', 'CO_file_1.pdf', 'co_2_53532297.pdf', '/files/co/2/', 'y', 'yeonghyiyang@gmail.com', '2025-05-15 22:21:00', NULL, NULL),
(2, 'CO', 'CO_file_1.pdf', 'co_2_53532297.pdf', '/files/co/2/', 'y', 'yeonghyiyang@gmail.com', '2025-05-15 22:21:00', NULL, NULL),
(6, 'VL', 'VL_file_2.pdf', 'vl_6_59c37ce0.pdf', '/files/vl/6/', 'y', 'ojang@yuhanhoesa.kr', '2025-05-15 09:03:00', NULL, NULL),
(9, 'VS', 'VS_file_3.pdf', 'vs_9_8818dfbc.pdf', '/files/vs/9/', 'y', 'gimjunseo@jusighoesa.com', '2025-05-15 10:28:00', NULL, NULL),
(6, 'CO', 'CO_file_4.pdf', 'co_6_6c6098e3.pdf', '/files/co/6/', 'y', 'gimyeongsu@nate.com', '2025-05-15 13:20:00', NULL, NULL),
(8, 'CO', 'CO_file_5.pdf', 'co_8_748b14d9.pdf', '/files/co/8/', 'y', 'jiweon52@baggimcoe.kr', '2025-05-15 23:52:00', NULL, NULL),
(2, 'CO', 'CO_file_6.jpg', 'co_2_d3b47e7b.jpg', '/files/co/2/', 'y', 'donghyeon07@jusighoesa.com', '2025-05-15 12:19:00', NULL, NULL),
(1, 'CO', 'CO_file_7.pdf', 'co_1_dc9f817f.pdf', '/files/co/1/', 'y', 'doyungim@hanmail.net', '2025-05-15 08:50:00', NULL, NULL),
(10, 'RE', 'RE_file_8.pdf', 're_10_12181820.pdf', '/files/re/10/', 'y', 'oi@ju.kr', '2025-05-15 08:36:00', NULL, NULL),
(8, 'VS', 'VS_file_9.png', 'vs_8_66cc0d7a.png', '/files/vs/8/', 'y', 'seoyeoni@bagjang.kr', '2025-05-15 06:57:00', NULL, NULL),
(7, 'PO', 'PO_file_10.jpg', 'po_7_688febf3.jpg', '/files/po/7/', 'n', 'jangjungsu@naver.com', '2025-05-15 08:32:00', NULL, NULL),
(1, 'RE', 'RE_file_11.png', 're_1_ef89dc90.png', '/files/re/1/', 'y', 'ygim@naver.com', '2025-05-15 18:38:00', NULL, NULL),
(1, 'VS', 'VS_file_12.png', 'vs_1_3bb209a1.png', '/files/vs/1/', 'y', 'jangmiyeong@live.com', '2025-05-15 10:23:00', NULL, NULL),
(5, 'CO', 'CO_file_13.jpg', 'co_5_3ec818db.jpg', '/files/co/5/', 'y', 'sugjao@naver.com', '2025-05-15 20:47:00', NULL, NULL),
(10, 'VS', 'VS_file_14.pdf', 'vs_10_97ee4ed6.pdf', '/files/vs/10/', 'y', 'gimmyeongsug@hanmail.net', '2025-05-15 14:37:00', NULL, NULL),
(2, 'RE', 'RE_file_15.png', 're_2_148d3197.png', '/files/re/2/', 'y', 'hanmiyeong@yunbag.kr', '2025-05-15 18:24:00', NULL, NULL),
(10, 'VS', 'VS_file_16.pdf', 'vs_10_9edbfd79.pdf', '/files/vs/10/', 'y', 'noyeongsu@gimsinbag.com', '2025-05-15 12:08:00', NULL, NULL),
(1, 'VL', 'VL_file_17.pdf', 'vl_1_487cb346.pdf', '/files/vl/1/', 'y', 'hyeonjeonggim@gweonigwag.org', '2025-05-15 11:42:00', NULL, NULL),
(10, 'VS', 'VS_file_18.png', 'vs_10_1b645919.png', '/files/vs/10/', 'y', 'yejungim@yu.com', '2025-05-15 02:15:00', NULL, NULL),
(4, 'CO', 'CO_file_19.jpg', 'co_4_322d48ab.jpg', '/files/co/4/', 'y', 'seoyun55@hanmail.net', '2025-05-15 01:12:00', NULL, NULL),
(1, 'VL', 'VL_file_20.jpg', 'vl_1_a35e5cde.jpg', '/files/vl/1/', 'y', 'seoyeon45@daum.net', '2025-05-15 00:07:00', NULL, NULL);

commit;

select * from occupation;
select * from community_category;

select * from company;
select * from job;
select * from resume_bookmark order by id;
select * from company_log;

select * from user;
select * from resume;
select * from career;
select * from notification;
select * from company_bookmark;
select * from job_bookmark;

select * from community_post;
select * from community_comment;

select * from attached_items;